﻿<?xml version='1.0' encoding='utf-8'?><m:layout id='4efdc8f2-fb92-4083-bd36-dfa9ed89181d' xmlns='http://www.w3.org/1999/xhtml' xmlns:m='http://schemas.mendix.com/forms/1.0'><m:arguments><m:argument><div data-mendix-id='37.Atlas_Core.Atlas_Default.layoutContainer' data-mendix-type='mxui.widget.VerticalScrollContainer' data-mendix-props='"fixed":true,"config":[{"position":"top"},{"position":"middle"}]' class='mx-scrollcontainer mx-scrollcontainer-vertical mx-scrollcontainer-fixed'><div class='mx-scrollcontainer-top region-topbar'><div class='mx-scrollcontainer-wrapper'><div data-mendix-id='37.Atlas_Core.Atlas_Default.snippetCall1' data-mendix-type='mxui.widget.ReactWidgetWrapper' data-mendix-props='"widgetTree":[{"$widgetId":"37.Atlas_Core.Atlas_Default.snippetCall1","widget":"Fragment","props":{"content":[{"$widgetId":"37.Atlas_Core.FeedbackWidget.feedback1","widget":"SprintrFeedbackWidget.SprintrFeedback","props":{"sprintrapp":"ba652995-d0cb-4425-8772-62c5f3f16f7c","allowScreenshot":true,"idTokenProviderMf":"","decryptedTokenValue":"Value","userProviderMf":"","userEntity":"System.User","usernameAttribute":"Name","emailAttribute":"Email","overrideFeedbackServerLocation":"","foreignObjectRendering":true,"scrollableAreaSelector":".mx-scrollcontainer-fixed &gt; .mx-scrollcontainer-middle &gt; .mx-scrollcontainer-wrapper","translation_Cancel":{"$type":"ExpressionProperty","expression":{"expr":{"type":"literal","value":"Cancel"},"args":{}}},"translation_Submit":{"$type":"ExpressionProperty","expression":{"expr":{"type":"literal","value":"Submit"},"args":{}}},"translation_Continue":{"$type":"ExpressionProperty","expression":{"expr":{"type":"literal","value":"Continue"},"args":{}}},"translation_Feedback":{"$type":"ExpressionProperty","expression":{"expr":{"type":"literal","value":"Feedback"},"args":{}}},"translation_Name":{"$type":"ExpressionProperty","expression":{"expr":{"type":"literal","value":"Name"},"args":{}}},"translation_Email_Address":{"$type":"ExpressionProperty","expression":{"expr":{"type":"literal","value":"Email"},"args":{}}},"translation_You_are_now_in_feedback_mode":{"$type":"ExpressionProperty","expression":{"expr":{"type":"literal","value":"You are now in feedback mode."},"args":{}}},"translation_Click_anywhere_on_the_screen_to_leave_a_comment":{"$type":"ExpressionProperty","expression":{"expr":{"type":"literal","value":"Click anywhere on the screen to leave a comment."},"args":{}}},"translation_Exit_Feedback_Mode":{"$type":"ExpressionProperty","expression":{"expr":{"type":"literal","value":"Exit Feedback Mode"},"args":{}}},"translation_Add_a_comment":{"$type":"ExpressionProperty","expression":{"expr":{"type":"literal","value":"Add a comment"},"args":{}}},"translation_Include_a_screenshot_of_the_current_page":{"$type":"ExpressionProperty","expression":{"expr":{"type":"literal","value":"Include a screenshot of the current page"},"args":{}}},"translation_Screenshots_have_been_disabled_for_the_feedback_mode":{"$type":"ExpressionProperty","expression":{"expr":{"type":"literal","value":"Screenshots have been disabled for the feedback mode"},"args":{}}},"translation_Leave_feedback_in_context_":{"$type":"ExpressionProperty","expression":{"expr":{"type":"literal","value":"Leave feedback in context by clicking on the part of the app you want to talk about"},"args":{}}},"translation_Take_screenshot":{"$type":"ExpressionProperty","expression":{"expr":{"type":"literal","value":"Take screenshot"},"args":{}}},"translation_Error":{"$type":"ExpressionProperty","expression":{"expr":{"type":"literal","value":"Error"},"args":{}}},"translation_Sending_feedback":{"$type":"ExpressionProperty","expression":{"expr":{"type":"literal","value":"Sending..."},"args":{}}},"translation_Feedback_submitted":{"$type":"ExpressionProperty","expression":{"expr":{"type":"literal","value":"Feedback submitted!"},"args":{}}},"translation_Error_creating_a_screenshot":{"$type":"ExpressionProperty","expression":{"expr":{"type":"literal","value":"Error creating a screenshot"},"args":{}}},"translation_Thanks_for_your_feedback_We_will_come_back_to_you_soon":{"$type":"ExpressionProperty","expression":{"expr":{"type":"literal","value":"Thanks for your feedback. We will come back to you soon!"},"args":{}}},"translation_Error_sending_your_feedback_Please_try_again_later":{"$type":"ExpressionProperty","expression":{"expr":{"type":"literal","value":"Error sending your feedback. Please try again later"},"args":{}}},"class":"mx-name-feedback1"}}]}}],"listenTargets":[]'></div><div class='mx-layoutgrid mx-layoutgrid-fluid container-fluid mx-name-layoutGrid1'><div class='row'><div class='col-lg-12 col-md-12 col-12'><div class='mx-name-container1 topbar-content'><div data-mendix-id='37.Atlas_Core.Atlas_Default.sidebarToggle3' data-mendix-type='mxui.widget.SidebarToggleButton' data-mendix-props='"caption":{"expr":{"type":"literal","value":""},"args":{}},"iconUrl":"img/Atlas_Core$Layout$hamburger.svg?638250506999232492","title":"Toggle Menu","renderType":"button"' class='mx-name-sidebarToggle3 toggle-btn btn-primary' tabindex='0'></div><div data-mendix-id='37.Atlas_Core.Atlas_Default.container3' data-mendix-type='mxui.widget.ReactWidgetWrapper' data-mendix-props='"widgetTree":[{"$widgetId":"37.Atlas_Core.Atlas_Default.container3","widget":"Container","props":{"class":"mx-name-container3 navbar-brand","renderMode":"div","onClick":null,"content":[{"$widgetId":"37.Atlas_Core.Atlas_Default.image2","widget":"Image","props":{"class":"mx-name-image2","alternativeText":{"$type":"ExpressionProperty","expression":{"expr":{"type":"literal","value":""},"args":{}}},"responsive":false,"source":{"$type":"StaticImageProperty","image":{"uri":"img/Atlas_Core$Layout$logo.svg?638250506999232492"}},"onClick":null}}],"ariaHidden":false}}],"listenTargets":[]'></div></div></div></div></div></div></div><div class='mx-scrollcontainer-middle '><div class='mx-scrollcontainer-wrapper mx-scrollcontainer-nested'><div data-mendix-id='37.Atlas_Core.Atlas_Default.layoutContainer$DanielSan' data-mendix-type='mxui.widget.HorizontalScrollContainer' data-mendix-props='"fixed":true,"config":[{"position":"left","toggleMode":"shrinkContent","initiallyOpen":false},{"position":"center"}]' class='mx-scrollcontainer mx-scrollcontainer-horizontal mx-scrollcontainer-fixed'><div class='mx-scrollcontainer-left region-sidebar' data-style='width:232px'><div class='mx-scrollcontainer-wrapper'><div data-mendix-id='37.Atlas_Core.Atlas_Default.navigationTree3' data-mendix-type='mxui.widget.ReactWidgetWrapper' data-mendix-props='"widgetTree":[{"$widgetId":"37.Atlas_Core.Atlas_Default.navigationTree3","widget":"NavigationTree","props":{"class":"mx-name-navigationTree3","menu":[{"caption":{"$type":"TextProperty","value":"Home"},"icon":{"$type":"IconProperty","icon":{"type":"glyph","iconClass":"glyphicon-home"}},"action":{"$type":"ActionProperty","action":{"type":"openPage","argMap":{},"config":{"name":"MyFirstModule/Home_Web.page.xml","location":"content","allowedRoles":["Administrator","Teacher"]},"disabledDuringExecution":false},"skipClientValidation":true}},{"caption":{"$type":"TextProperty","value":"Courses"},"icon":{"$type":"IconProperty","icon":{"type":"glyph","iconClass":"glyphicon-book"}},"action":{"$type":"ActionProperty","action":{"type":"openPage","argMap":{},"config":{"name":"MyFirstModule/Courses_Overview.page.xml","location":"content","allowedRoles":["Administrator","Teacher"]},"disabledDuringExecution":false},"skipClientValidation":true}},{"caption":{"$type":"TextProperty","value":"Locations"},"icon":{"$type":"IconProperty","icon":{"type":"glyph","iconClass":"glyphicon-map-marker"}},"action":{"$type":"ActionProperty","action":{"type":"openPage","argMap":{},"config":{"name":"MyFirstModule/Location_Overview.page.xml","location":"content","allowedRoles":["Administrator","Teacher"]},"disabledDuringExecution":false},"skipClientValidation":true}},{"caption":{"$type":"TextProperty","value":"Teachers"},"icon":{"$type":"IconProperty","icon":{"type":"glyph","iconClass":"glyphicon-user"}},"action":{"$type":"ActionProperty","action":{"type":"openPage","argMap":{},"config":{"name":"MyFirstModule/Teacher_Overview.page.xml","location":"content","allowedRoles":["Administrator","Teacher"]},"disabledDuringExecution":false},"skipClientValidation":true}},{"caption":{"$type":"TextProperty","value":"Trainees"},"icon":{"$type":"IconProperty","icon":{"type":"glyph","iconClass":"glyphicon-education"}},"action":{"$type":"ActionProperty","action":{"type":"openPage","argMap":{},"config":{"name":"MyFirstModule/Trainee_Overview.page.xml","location":"content","allowedRoles":["Administrator","Teacher"]},"disabledDuringExecution":false},"skipClientValidation":true}}]}}],"listenTargets":[]'></div></div></div><div class='mx-scrollcontainer-center region-content'><div class='mx-scrollcontainer-wrapper'><div data-mx-placeholder='201c5205-50e7-4252-9551-e9ba7790af04' class='mx-placeholder'></div></div></div></div></div></div></div></m:argument></m:arguments></m:layout>