﻿<?xml version='1.0' encoding='utf-8'?><m:layout id='ab0965c3-bde8-4391-9cfa-39e544f41180' xmlns='http://www.w3.org/1999/xhtml' xmlns:m='http://schemas.mendix.com/forms/1.0'><m:arguments><m:argument><div data-mendix-id='34.Atlas_Core.Phone_FullPage.scrollContainer1' data-mendix-type='mxui.widget.HorizontalScrollContainer' data-mendix-props='"fixed":true,"config":[{"position":"center"}]' class='mx-scrollcontainer mx-scrollcontainer-horizontal mx-scrollcontainer-fixed'><div class='mx-scrollcontainer-center region-content'><div class='mx-scrollcontainer-wrapper'><div data-mx-placeholder='a801fc86-41e7-42cc-94ae-4159e3466554' class='mx-placeholder'></div></div></div></div></m:argument></m:arguments></m:layout>