﻿<?xml version='1.0' encoding='utf-8'?><m:layout id='fa954bde-ec27-47bc-adf3-75465b915d61' xmlns='http://www.w3.org/1999/xhtml' xmlns:m='http://schemas.mendix.com/forms/1.0'><m:arguments><m:argument><div data-mendix-id='35.Atlas_Core.Phone_TopBar.scrollContainer1' data-mendix-type='mxui.widget.VerticalScrollContainer' data-mendix-props='"fixed":true,"config":[{"position":"top"},{"position":"middle"}]' class='mx-scrollcontainer mx-scrollcontainer-vertical mx-scrollcontainer-fixed'><div class='mx-scrollcontainer-top region-topbar'><div class='mx-scrollcontainer-wrapper'><div class='mx-header mx-name-header1'><div class='mx-header-center'><div data-mendix-id='35.2' data-mendix-type='mxui.widget.ReactWidgetWrapper' data-mendix-props='"widgetTree":[{"$widgetId":"35.2","widget":"Title","props":{"class":"","caption":{"$type":"ExpressionProperty","expression":{"expr":{"type":"variable","variable":"pageTitle"},"args":{}}}}}],"listenTargets":[]'></div></div><div class='mx-header-left'><div data-mx-placeholder='7cb3faf8-9c58-4b7a-967f-80fee2fc097c' class='mx-placeholder'></div></div><div class='mx-header-right'><div data-mx-placeholder='768883ea-f524-49ef-b265-ff729324daad' class='mx-placeholder'></div></div></div></div></div><div class='mx-scrollcontainer-middle region-content'><div class='mx-scrollcontainer-wrapper'><div data-mx-placeholder='53da97ab-4a1a-4530-8e8b-b7ce4db9f64d' class='mx-placeholder'></div></div></div></div></m:argument></m:arguments></m:layout>