﻿<?xml version='1.0' encoding='utf-8'?><m:layout id='aa0dde32-5e85-4477-8a2f-ed67284ad557' xmlns='http://www.w3.org/1999/xhtml' xmlns:m='http://schemas.mendix.com/forms/1.0'><m:arguments><m:argument><div data-mendix-id='38.Atlas_Core.PopupLayout.scrollContainer1' data-mendix-type='mxui.widget.HorizontalScrollContainer' data-mendix-props='"fixed":true,"config":[{"position":"center"}]' class='mx-scrollcontainer mx-scrollcontainer-horizontal mx-scrollcontainer-fixed'><div class='mx-scrollcontainer-center '><div class='mx-scrollcontainer-wrapper'><div data-mx-placeholder='1f869e80-cebc-4255-93be-cb47447ba548' class='mx-placeholder'></div></div></div></div></m:argument></m:arguments></m:layout>