﻿<?xml version='1.0' encoding='utf-8'?><m:layout id='f6485fd6-c751-4bc3-9803-0d3bf9cce0a3' xmlns='http://www.w3.org/1999/xhtml' xmlns:m='http://schemas.mendix.com/forms/1.0'><m:arguments><m:argument><div data-mendix-id='30.Atlas_Core.Tablet_Sidebar.layoutContainer' data-mendix-type='mxui.widget.HorizontalScrollContainer' data-mendix-props='"fixed":true,"config":[{"position":"left","toggleMode":"shrinkContent","initiallyOpen":false},{"position":"center"}]' class='mx-scrollcontainer mx-scrollcontainer-horizontal mx-scrollcontainer-fixed'><div class='mx-scrollcontainer-left region-sidebar' data-style='width:280px'><div class='mx-scrollcontainer-wrapper'><div data-mendix-id='30.Atlas_Core.Tablet_Sidebar.container1' data-mendix-type='mxui.widget.ReactWidgetWrapper' data-mendix-props='"widgetTree":[{"$widgetId":"30.Atlas_Core.Tablet_Sidebar.container1","widget":"Container","props":{"class":"mx-name-container1 sidebar-heading spacing-inner-top-medium spacing-inner-bottom-medium spacing-inner-left-medium spacing-inner-right-medium row-left","renderMode":"div","onClick":null,"content":[{"$widgetId":"30.Atlas_Core.Tablet_Sidebar.image1","widget":"Image","props":{"class":"mx-name-image1 spacing-outer-right","alternativeText":{"$type":"ExpressionProperty","expression":{"expr":{"type":"literal","value":""},"args":{}}},"width":"28px","responsive":true,"source":{"$type":"StaticImageProperty","image":{"uri":"img/Atlas_Core$Layout$logo.svg?638250506999232492"}},"onClick":null}},{"$widgetId":"30.Atlas_Core.Tablet_Sidebar.text1","widget":"Text","props":{"class":"mx-name-text1 text-white text-bold","caption":{"$type":"ExpressionProperty","expression":{"expr":{"type":"literal","value":"Mendix"},"args":{}}},"renderMode":"span"}}],"ariaHidden":false}}],"listenTargets":[]'></div><div data-mendix-id='30.Atlas_Core.Tablet_Sidebar.navigationTree3' data-mendix-type='mxui.widget.ReactWidgetWrapper' data-mendix-props='"widgetTree":[{"$widgetId":"30.Atlas_Core.Tablet_Sidebar.navigationTree3","widget":"NavigationTree","props":{"class":"mx-name-navigationTree3","menu":[{"caption":{"$type":"TextProperty","value":"Home"},"icon":{"$type":"IconProperty","icon":{"type":"glyph","iconClass":"glyphicon-home"}},"action":null},{"caption":{"$type":"TextProperty","value":"Layouts"},"icon":{"$type":"IconProperty","icon":{"type":"glyph","iconClass":"glyphicon-book"}},"action":null},{"caption":{"$type":"TextProperty","value":"Templates"},"icon":{"$type":"IconProperty","icon":{"type":"glyph","iconClass":"glyphicon-file"}},"action":null},{"caption":{"$type":"TextProperty","value":"Widgets"},"icon":{"$type":"IconProperty","icon":{"type":"glyph","iconClass":"glyphicon-cog"}},"action":null}]}}],"listenTargets":[]'></div></div></div><div class='mx-scrollcontainer-center '><div class='mx-scrollcontainer-wrapper mx-scrollcontainer-nested'><div data-mendix-id='30.Atlas_Core.Tablet_Sidebar.layoutContainer$DanielSan' data-mendix-type='mxui.widget.VerticalScrollContainer' data-mendix-props='"fixed":true,"config":[{"position":"top"},{"position":"middle"}]' class='mx-scrollcontainer mx-scrollcontainer-vertical mx-scrollcontainer-fixed'><div class='mx-scrollcontainer-top region-topbar'><div class='mx-scrollcontainer-wrapper'><div class='mx-header mx-name-header1'><div class='mx-header-center'><div data-mendix-id='30.12' data-mendix-type='mxui.widget.ReactWidgetWrapper' data-mendix-props='"widgetTree":[{"$widgetId":"30.12","widget":"Title","props":{"class":"","caption":{"$type":"ExpressionProperty","expression":{"expr":{"type":"variable","variable":"pageTitle"},"args":{}}}}}],"listenTargets":[]'></div></div><div class='mx-header-left'><div data-mendix-id='30.Atlas_Core.Tablet_Sidebar.sidebarToggle3' data-mendix-type='mxui.widget.SidebarToggleButton' data-mendix-props='"caption":{"expr":{"type":"literal","value":""},"args":{}},"iconClass":"glyphicon glyphicon-menu-hamburger","title":"Toggle Menu","renderType":"link"' class='mx-name-sidebarToggle3 toggle-btn' tabindex='-1'></div></div><div class='mx-header-right'><div data-mx-placeholder='96a47a5d-6556-422f-ae1a-932b92845c8d' class='mx-placeholder'></div></div></div></div></div><div class='mx-scrollcontainer-middle region-content'><div class='mx-scrollcontainer-wrapper'><div data-mx-placeholder='4ed55759-1e9b-4231-9220-3ec81269b4a6' class='mx-placeholder'></div></div></div></div></div></div></div></m:argument></m:arguments></m:layout>