﻿<?xml version='1.0' encoding='utf-8'?><m:layout id='7a785040-981b-4553-9e9e-5b8372018608' xmlns='http://www.w3.org/1999/xhtml' xmlns:m='http://schemas.mendix.com/forms/1.0'><m:arguments><m:argument><div data-mendix-id='23.Atlas_Core.Tablet_TopBar.layoutContainer' data-mendix-type='mxui.widget.VerticalScrollContainer' data-mendix-props='"fixed":true,"config":[{"position":"top"},{"position":"middle"}]' class='mx-scrollcontainer mx-scrollcontainer-vertical mx-scrollcontainer-fixed'><div class='mx-scrollcontainer-top region-topbar'><div class='mx-scrollcontainer-wrapper'><div class='mx-header mx-name-header1'><div class='mx-header-center'><div data-mendix-id='23.2' data-mendix-type='mxui.widget.ReactWidgetWrapper' data-mendix-props='"widgetTree":[{"$widgetId":"23.2","widget":"Title","props":{"class":"","caption":{"$type":"ExpressionProperty","expression":{"expr":{"type":"variable","variable":"pageTitle"},"args":{}}}}}],"listenTargets":[]'></div></div><div class='mx-header-left'><div data-mx-placeholder='037ad897-a874-4cda-9440-4f00f63c8c85' class='mx-placeholder'></div></div><div class='mx-header-right'><div data-mx-placeholder='55e8cf2c-cd38-439f-8f3e-a23360fcac58' class='mx-placeholder'></div></div></div></div></div><div class='mx-scrollcontainer-middle region-content'><div class='mx-scrollcontainer-wrapper'><div data-mx-placeholder='ee7ae4ce-7bfa-440a-9a18-d5ad93e87c87' class='mx-placeholder'></div></div></div></div></m:argument></m:arguments></m:layout>