﻿<?xml version='1.0' encoding='utf-8'?><m:layout id='6d93b97b-fd7d-408a-b3e3-b189aabb774c' xmlns='http://www.w3.org/1999/xhtml' xmlns:m='http://schemas.mendix.com/forms/1.0'><m:arguments><m:argument><div data-mendix-id='25.Atlas_Core.Tablet_FullPage.layoutContainer' data-mendix-type='mxui.widget.VerticalScrollContainer' data-mendix-props='"fixed":true,"config":[{"position":"middle"}]' class='mx-scrollcontainer mx-scrollcontainer-vertical mx-scrollcontainer-fixed'><div class='mx-scrollcontainer-middle region-content'><div class='mx-scrollcontainer-wrapper'><div data-mx-placeholder='ef372508-9a76-4f8e-a56c-c11a3289c13a' class='mx-placeholder'></div></div></div></div></m:argument></m:arguments></m:layout>