{
  "DataBrokerConfiguration": {
    "publishedServices": []
  },
  "RuntimeVersion": "9.24.3.8044",
  "ProjectID": "46435b1d-46ab-499b-a89a-3b5c4e1f8804",
  "ProjectName": "LearnNow Training Management",
  "ModelVersion": "unversioned",
  "Description": "",
  "AdminUser": "MxAdmin",
  "Roles": {
    "8dd52bfa-6d7e-453b-b506-303c0a3d9567": {
      "Name": "Administrator",
      "ManageableRoles": [
        "8dd52bfa-6d7e-453b-b506-303c0a3d9567",
        "53f5d6fa-6da9-4a71-b011-454ec052cce8",
        "68c88308-248a-40dc-895a-d67a5ef2384d"
      ]
    },
    "53f5d6fa-6da9-4a71-b011-454ec052cce8": {
      "Name": "Teacher"
    },
    "68c88308-248a-40dc-895a-d67a5ef2384d": {
      "Name": "Trainee"
    }
  },
  "AdminRole": "8dd52bfa-6d7e-453b-b506-303c0a3d9567",
  "Constants": [
    {
      "Name": "Administration.EnableMendixSSOUserMigration",
      "Type": "Boolean",
      "Description": "If enabled (default: false), the migration microflow 'MendixSSO_MigrateUsersToAccount' is executed after start-up. This constant is used and set by Mendix Studio to perform automatic migration when necessary.\r\n\r\nDo not enable this constant manually. For projects using Mendix Studio Pro, make sure to read the instructions in the microflow carefully. If migration is required, execute the migration microflow manually.",
      "DefaultValue": "False"
    },
    {
      "Name": "MendixSSO.AuthRequestExpiryDurationInMinutes",
      "Type": "Integer",
      "Description": "",
      "DefaultValue": "60"
    },
    {
      "Name": "MendixSSO.BatchSize",
      "Type": "Integer",
      "Description": "",
      "DefaultValue": "10000"
    },
    {
      "Name": "MendixSSO.ConsentToDeleteIncompatibleUsers",
      "Type": "Boolean",
      "Description": "When your application contains SSO user objects based on a previous user entity and no customized user data has to be retained, you can choose to enable automatic deletion of the old user object  and provisioning of the new user object when that user logs in. Setting the default value of this constant to true will enable this.\r\n(Also read MendixSSO documentation, section \"Incompatible user data type\")\r\n\r\nNote: keep in mind that all your defined delete behaviors will trigger as well.",
      "DefaultValue": "False"
    },
    {
      "Name": "MendixSSO.EncryptionPrefix",
      "Type": "String",
      "Description": "Prefix for stored encrypted values.\r\nThis value is used to determine whether the value has been already encrypted.",
      "DefaultValue": "{AES2}"
    },
    {
      "Name": "MendixSSO.EnvironmentPassword",
      "Type": "String",
      "Description": "This is the password which is used to communicate with the Mendix SSO Provider. This password will be set automatically on deployment in the Mendix Cloud. ",
      "DefaultValue": "<Password will be generated by the Mendix Cloud>"
    },
    {
      "Name": "MendixSSO.EnvironmentUUID",
      "Type": "String",
      "Description": "This is the environment UUID which is used to communicate with the Mendix SSO Provider to identify this application. This UUID will be set automatically on deployment in the Mendix Cloud. ",
      "DefaultValue": "<EnvironmentUUID will be generated by the Mendix Cloud>"
    },
    {
      "Name": "MendixSSO.IndexPage",
      "Type": "String",
      "Description": "",
      "DefaultValue": "/index.html"
    },
    {
      "Name": "MendixSSO.LogNode",
      "Type": "String",
      "Description": "",
      "DefaultValue": "MendixSSO"
    },
    {
      "Name": "MendixSSO.OpenIdConnectDiscoveryPath",
      "Type": "String",
      "Description": "",
      "DefaultValue": ".well-known/openid-configuration"
    },
    {
      "Name": "MendixSSO.OpenIdConnectProvider",
      "Type": "String",
      "Description": "",
      "DefaultValue": "https://sso.mendix.com"
    },
    {
      "Name": "MendixSSO.OpenIdConnectScopes",
      "Type": "String",
      "Description": "",
      "DefaultValue": "openid mx:user:profile:v1:read offline_access"
    },
    {
      "Name": "MendixSSO.RolesLocation",
      "Type": "String",
      "Description": "",
      "DefaultValue": "https://roles.mendix.com"
    },
    {
      "Name": "MendixSSO.SignupHint",
      "Type": "String",
      "Description": "",
      "DefaultValue": ""
    },
    {
      "Name": "MendixSSO.SilentAuthentication",
      "Type": "Boolean",
      "Description": "",
      "DefaultValue": "False"
    },
    {
      "Name": "MendixSSO.SSOEnabled",
      "Type": "Boolean",
      "Description": "Indicates whether MendixSSO will be enabled on startup, allowing app users to login with their Mendix account. The default value of this constant is 'false' for local deployments, as MendixSSO is a cloud product.\r\nThe value will be automatically set to 'true' during deployment in the Mendix Cloud. \r\n\r\nWhen enabled, Single Sign On will be initiated by navigating to \"<App URL>/openid/login\" or clicking the 'Mendix Account' button on the login page.",
      "DefaultValue": "False"
    },
    {
      "Name": "MendixSSO.SupportEmail",
      "Type": "String",
      "Description": "",
      "DefaultValue": "support@mendix.com"
    },
    {
      "Name": "MendixSSO.SupportEmailSubject",
      "Type": "String",
      "Description": "",
      "DefaultValue": "SSO Error"
    },
    {
      "Name": "MendixSSO.TokenEncryptionKey",
      "Type": "String",
      "Description": "This key will be used to encrypt and decrypt tokens.\r\nThe length of this key must be exactly 16 characters.\r\n\r\nFor local deployment change this value to some random 16 character string.",
      "DefaultValue": "<TokenEncryptionKey will be generated by the Mendix Cloud>"
    },
    {
      "Name": "MendixSSO.TokenExpiryInSeconds",
      "Type": "Integer",
      "Description": "30 days = 30 * 24 * 60*60 seonds\r\n\r\n2592000",
      "DefaultValue": "2592000"
    },
    {
      "Name": "MendixSSO.TokenValidatorMaxClockSkew",
      "Type": "Integer",
      "Description": "",
      "DefaultValue": "60"
    },
    {
      "Name": "MendixSSO.TryAgainText",
      "Type": "String",
      "Description": "",
      "DefaultValue": "Home"
    },
    {
      "Name": "MendixSSO.Version",
      "Type": "String",
      "Description": "",
      "DefaultValue": "3.0.0"
    },
    {
      "Name": "NanoflowCommons.Nanoflow_Commons_Version",
      "Type": "String",
      "Description": "",
      "DefaultValue": "2.1.0"
    },
    {
      "Name": "WebActions.WebActions_Version",
      "Type": "String",
      "Description": "",
      "DefaultValue": "2.4.0"
    }
  ],
  "ScheduledEvents": [
    {
      "Name": "MendixSSO.DeleteExpiredAuthRequests",
      "Description": ""
    },
    {
      "Name": "MendixSSO.DeleteExpiredTokens",
      "Description": ""
    }
  ],
  "Languages": [
    "en_US"
  ],
  "Configuration": {
    "SourceDatabaseType": "HSQLDB",
    "SourceDatabaseName": "default",
    "SourceBuiltInDatabasePath": "model/sampledata/data/database"
  },
  "RequestHandlers": [
    {
      "Name": "/api/",
      "DefaultEnabled": true,
      "MatchExactly": false
    },
    {
      "Name": "/link/",
      "DefaultEnabled": true,
      "MatchExactly": false
    },
    {
      "Name": "/api-doc/",
      "DefaultEnabled": true,
      "MatchExactly": false
    },
    {
      "Name": "/mendixsso-api/",
      "DefaultEnabled": true,
      "MatchExactly": false
    },
    {
      "Name": "/rest-doc/",
      "DefaultEnabled": false,
      "MatchExactly": false
    },
    {
      "Name": "/p/",
      "DefaultEnabled": false,
      "MatchExactly": false
    }
  ]
}