{"Administration.RetrieveTimeZones":{"p":[],"a":[]},"Administration.SaveNewAccount":{"p":["Administration.AccountPasswordData"],"a":[["Administration.AccountPasswordData_Account","Administration.AccountPasswordData"],["Administration.AccountPasswordData_Account","Administration.Account"]]},"Administration.NewAccount":{"p":[],"a":[]},"Administration.NewWebServiceAccount":{"p":[],"a":[]},"Administration.ChangePassword":{"p":["Administration.AccountPasswordData"],"a":[["Administration.AccountPasswordData_Account","Administration.AccountPasswordData"],["Administration.AccountPasswordData_Account","Administration.Account"]]},"Administration.ShowPasswordForm":{"p":["Administration.Account"],"a":[]},"Administration.ChangeMyPassword":{"p":["Administration.AccountPasswordData"],"a":[["Administration.AccountPasswordData_Account","Administration.AccountPasswordData"],["Administration.AccountPasswordData_Account","Administration.Account"]]},"Administration.ShowMyPasswordForm":{"p":["Administration.Account"],"a":[]},"MyFirstModule.ACT_Course_ScheduleTrainingEvent":{"p":["MyFirstModule.Course"],"a":[]},"MyFirstModule.OCH_TrainingEvent_CalculateEndDate":{"p":["MyFirstModule.TrainingEvent"],"a":[["MyFirstModule.TrainingEvent_Course","MyFirstModule.TrainingEvent"]]},"MyFirstModule.ACT_TrainingEvent_SaveValidate":{"p":["MyFirstModule.TrainingEvent"],"a":[["MyFirstModule.TrainingEvent_Course","MyFirstModule.Course"],["MyFirstModule.TrainingEvent_Course","MyFirstModule.TrainingEvent"],["MyFirstModule.TrainingEvent_Location","MyFirstModule.Location"],["MyFirstModule.TrainingEvent_Location","MyFirstModule.TrainingEvent"],["MyFirstModule.TrainingEvent_Teacher","MyFirstModule.Teacher"],["MyFirstModule.TrainingEvent_Teacher","MyFirstModule.TrainingEvent"]]}}