[{"operationId":"CClYT2W+0kq0xuoG3AD2gw","operationType":"rollback","parameters":{"Objects":"AnyObjectList"},"constants":{},"allowedUserRoleSets":[["Administrator"],["Teacher"],["Trainee"]]},{"operationId":"7q106R7oGkeJTnXw1l0v5Q","operationType":"rollback","parameters":{"Objects":"AnyObjectList"},"constants":{},"allowedUserRoleSets":[["Administrator"],["Teacher"],["Trainee"]]},{"operationId":"bKzVZAWo8kCmKGw6cVUDlg","operationType":"delete","parameters":{"Objects":"[Administration.Account]"},"constants":{},"allowedUserRoleSets":[["Administrator"]]},{"operationId":"kjzTcPiKPESbpCCZiX3IFg","operationType":"create","parameters":{},"constants":{"ObjectType":"MyFirstModule.Teacher"},"allowedUserRoleSets":[["Administrator"]]},{"operationId":"QqYuEcNeC0iSFtt7NtXykA","operationType":"create","parameters":{},"constants":{"ObjectType":"MyFirstModule.Location"},"allowedUserRoleSets":[["Administrator"]]},{"operationId":"acUwZ7jCB0aBuPqBLB+UVQ","operationType":"commit","parameters":{"Objects":"AnyObjectList"},"constants":{},"allowedUserRoleSets":[["Administrator"],["Teacher"],["Trainee"]]},{"operationId":"Rv8az8MlLUWDyW9rDRus4Q","operationType":"rollback","parameters":{"Objects":"AnyObjectList"},"constants":{},"allowedUserRoleSets":[["Administrator"],["Teacher"],["Trainee"]]},{"operationId":"zvwh13UyyEWDDcLPrQ59CA","operationType":"create","parameters":{},"constants":{"ObjectType":"MyFirstModule.TrainingEvent"},"allowedUserRoleSets":[["Administrator"]]},{"operationId":"clfvcYDaHk6kFgp+MJU8iA","operationType":"rollback","parameters":{"Objects":"AnyObjectList"},"constants":{},"allowedUserRoleSets":[["Administrator"],["Teacher"],["Trainee"]]},{"operationId":"/cDIV2AL2EOYWsvrsUVjKA","operationType":"rollback","parameters":{"Objects":"AnyObjectList"},"constants":{},"allowedUserRoleSets":[["Administrator"],["Teacher"],["Trainee"]]},{"operationId":"ZYp6zWupfEGhDYYUWVrKGQ","operationType":"rollback","parameters":{"Objects":"AnyObjectList"},"constants":{},"allowedUserRoleSets":[["Administrator"],["Teacher"],["Trainee"]]},{"operationId":"YaLJZloxk06C3QZcnjqoow","operationType":"rollback","parameters":{"Objects":"AnyObjectList"},"constants":{},"allowedUserRoleSets":[["Administrator"],["Teacher"],["Trainee"]]},{"operationId":"pX1uLvBlTkS93f7nSKfoGw","operationType":"callMicroflow","parameters":{"Course":"MyFirstModule.Course"},"constants":{"MicroflowName":"MyFirstModule.ACT_Course_ScheduleTrainingEvent"},"allowedUserRoleSets":[["Administrator"]]},{"operationId":"GhHMj4VtKke/v0nZnYufKA","operationType":"create","parameters":{},"constants":{"ObjectType":"MyFirstModule.TrainingEvent"},"allowedUserRoleSets":[["Administrator"]]},{"operationId":"a/z+gMHaMk6NgmZP7EipVA","operationType":"commit","parameters":{"Objects":"AnyObjectList"},"constants":{},"allowedUserRoleSets":[["Administrator"],["Teacher"],["Trainee"]]},{"operationId":"MXGADGD5WkamdJq6kVJ73A","operationType":"rollback","parameters":{"Objects":"AnyObjectList"},"constants":{},"allowedUserRoleSets":[["Administrator"],["Teacher"],["Trainee"]]},{"operationId":"UpJVHKgot0S22+CWW7aAMg","operationType":"rollback","parameters":{"Objects":"AnyObjectList"},"constants":{},"allowedUserRoleSets":[["Administrator"],["Teacher"],["Trainee"]]},{"operationId":"TZZ+U9CJ00uEuy7gVv4kiQ","operationType":"rollback","parameters":{"Objects":"AnyObjectList"},"constants":{},"allowedUserRoleSets":[["Administrator"],["Teacher"],["Trainee"]]},{"operationId":"6cj+JPoi10ONfTP24baKxw","operationType":"callMicroflow","parameters":{"Account":"Administration.Account"},"constants":{"MicroflowName":"Administration.ShowMyPasswordForm"},"allowedUserRoleSets":[["Administrator"],["Teacher"],["Trainee"]]},{"operationId":"oecKWPKaP06YiAUFxgzznw","operationType":"callMicroflow","parameters":{"AccountPasswordData":"Administration.AccountPasswordData"},"constants":{"MicroflowName":"Administration.SaveNewAccount"},"allowedUserRoleSets":[["Administrator"]]},{"operationId":"M2tmiqAYDkWA9sBZjnWSWQ","operationType":"callMicroflow","parameters":{},"constants":{"MicroflowName":"Administration.RetrieveTimeZones"},"allowedUserRoleSets":[["Administrator"],["Teacher"],["Trainee"]]},{"operationId":"LU5OFPT1ekeHgaMuE5QTdw","operationType":"callMicroflow","parameters":{"TrainingEvent":"MyFirstModule.TrainingEvent"},"constants":{"MicroflowName":"MyFirstModule.OCH_TrainingEvent_CalculateEndDate"},"allowedUserRoleSets":[["Administrator"],["Teacher"],["Trainee"]]},{"operationId":"PJF4ykluxU+jRDWqC04uHg","operationType":"rollback","parameters":{"Objects":"AnyObjectList"},"constants":{},"allowedUserRoleSets":[["Administrator"],["Teacher"],["Trainee"]]},{"operationId":"HFC5IwE59UO9wFCUilwJ1g","operationType":"create","parameters":{},"constants":{"ObjectType":"MyFirstModule.Trainee"},"allowedUserRoleSets":[["Administrator"]]},{"operationId":"xsW49j2S0kSY/0mGK7WNAg","operationType":"rollback","parameters":{"Objects":"AnyObjectList"},"constants":{},"allowedUserRoleSets":[["Administrator"],["Teacher"],["Trainee"]]},{"operationId":"k7JFSMhKt0WCAEBZwAiUiA","operationType":"callMicroflow","parameters":{"TrainingEvent":"MyFirstModule.TrainingEvent"},"constants":{"MicroflowName":"MyFirstModule.OCH_TrainingEvent_CalculateEndDate"},"allowedUserRoleSets":[["Administrator"],["Teacher"],["Trainee"]]},{"operationId":"QE8z/Xf/8kCBfRg7+uSkYg","operationType":"rollback","parameters":{"Objects":"AnyObjectList"},"constants":{},"allowedUserRoleSets":[["Administrator"],["Teacher"],["Trainee"]]},{"operationId":"eXaVp9Bnzky7Z4HrOvpMkg","operationType":"rollback","parameters":{"Objects":"AnyObjectList"},"constants":{},"allowedUserRoleSets":[["Administrator"],["Teacher"],["Trainee"]]},{"operationId":"2MqL9si5XEGPUjjsmQC7ew","operationType":"callMicroflow","parameters":{},"constants":{"MicroflowName":"Administration.NewWebServiceAccount"},"allowedUserRoleSets":[["Administrator"]]},{"operationId":"2Yi91NdAyEGERFkf0V4hBg","operationType":"callMicroflow","parameters":{"AccountPasswordData":"Administration.AccountPasswordData"},"constants":{"MicroflowName":"Administration.ChangePassword"},"allowedUserRoleSets":[["Administrator"]]},{"operationId":"GMJncnmNvEu/wzfcLdL2AQ","operationType":"create","parameters":{},"constants":{"ObjectType":"MyFirstModule.Course"},"allowedUserRoleSets":[["Administrator"]]},{"operationId":"i9Rqr16f5EuIT4AHCR+Y/A","operationType":"rollback","parameters":{"Objects":"AnyObjectList"},"constants":{},"allowedUserRoleSets":[["Administrator"],["Teacher"],["Trainee"]]},{"operationId":"TizP3dyXlkiVdAV6n8VUgA","operationType":"callMicroflow","parameters":{"Account":"Administration.Account"},"constants":{"MicroflowName":"Administration.ShowPasswordForm"},"allowedUserRoleSets":[["Administrator"]]},{"operationId":"Vu3jHPQl50G93qmYAic66Q","operationType":"rollback","parameters":{"Objects":"AnyObjectList"},"constants":{},"allowedUserRoleSets":[["Administrator"],["Teacher"],["Trainee"]]},{"operationId":"MN9Zhz7Etkif5xTZWsn3WQ","operationType":"commit","parameters":{"Objects":"AnyObjectList"},"constants":{},"allowedUserRoleSets":[["Administrator"],["Teacher"],["Trainee"]]},{"operationId":"nx9ol19jCU+cPJGgI28W0A","operationType":"rollback","parameters":{"Objects":"AnyObjectList"},"constants":{},"allowedUserRoleSets":[["Administrator"],["Teacher"],["Trainee"]]},{"operationId":"l5bLauk+dEWp33ciXtHCmg","operationType":"delete","parameters":{"Objects":"[MyFirstModule.TrainingEvent]"},"constants":{},"allowedUserRoleSets":[["Administrator"]]},{"operationId":"Ipju872EmESfgWuCMPvxZA","operationType":"rollback","parameters":{"Objects":"AnyObjectList"},"constants":{},"allowedUserRoleSets":[["Administrator"],["Teacher"],["Trainee"]]},{"operationId":"9ehqIUsUCkmzC+OJDMy3VA","operationType":"delete","parameters":{"Objects":"[MyFirstModule.Trainee]"},"constants":{},"allowedUserRoleSets":[["Administrator"]]},{"operationId":"QuXDnd8kzUiATRk7ER4mkQ","operationType":"callMicroflow","parameters":{},"constants":{"MicroflowName":"Administration.RetrieveTimeZones"},"allowedUserRoleSets":[["Administrator"],["Teacher"],["Trainee"]]},{"operationId":"OXhZ/PyTr0GYtU28Dk0MHg","operationType":"rollback","parameters":{"Objects":"AnyObjectList"},"constants":{},"allowedUserRoleSets":[["Administrator"],["Teacher"],["Trainee"]]},{"operationId":"Gi2CnlnLT0mJLl5N9ahMeA","operationType":"commit","parameters":{"Objects":"AnyObjectList"},"constants":{},"allowedUserRoleSets":[["Administrator"],["Teacher"],["Trainee"]]},{"operationId":"bTds2JZk8ECtxU3kG4hLAw","operationType":"rollback","parameters":{"Objects":"AnyObjectList"},"constants":{},"allowedUserRoleSets":[["Administrator"],["Teacher"],["Trainee"]]},{"operationId":"9NiypIoj2EivOJEh0R9skg","operationType":"commit","parameters":{"Objects":"AnyObjectList"},"constants":{},"allowedUserRoleSets":[["Administrator"],["Teacher"],["Trainee"]]},{"operationId":"6zCmBa/+F0um1Xw+9zisrQ","operationType":"rollback","parameters":{"Objects":"AnyObjectList"},"constants":{},"allowedUserRoleSets":[["Administrator"],["Teacher"],["Trainee"]]},{"operationId":"RqunM0QTD02DFX5j0bNHDQ","operationType":"commit","parameters":{"Objects":"AnyObjectList"},"constants":{},"allowedUserRoleSets":[["Administrator"],["Teacher"],["Trainee"]]},{"operationId":"YEvA/6bE10KXw32pQcskfg","operationType":"commit","parameters":{"Objects":"AnyObjectList"},"constants":{},"allowedUserRoleSets":[["Administrator"],["Teacher"],["Trainee"]]},{"operationId":"0ozvKDmr9E2NdOGGz3hcPA","operationType":"rollback","parameters":{"Objects":"AnyObjectList"},"constants":{},"allowedUserRoleSets":[["Administrator"],["Teacher"],["Trainee"]]},{"operationId":"Hm9XVxreQkCk46n8KVKArQ","operationType":"rollback","parameters":{"Objects":"AnyObjectList"},"constants":{},"allowedUserRoleSets":[["Administrator"],["Teacher"],["Trainee"]]},{"operationId":"73QYldzfY0m/qv4kJ1is5w","operationType":"rollback","parameters":{"Objects":"AnyObjectList"},"constants":{},"allowedUserRoleSets":[["Administrator"],["Teacher"],["Trainee"]]},{"operationId":"gIXjpJBbl06t7P7ZExYKkw","operationType":"callMicroflow","parameters":{},"constants":{"MicroflowName":"Administration.NewAccount"},"allowedUserRoleSets":[["Administrator"]]},{"operationId":"+F+PRo7CyUedl3ZDGNalPQ","operationType":"rollback","parameters":{"Objects":"AnyObjectList"},"constants":{},"allowedUserRoleSets":[["Administrator"],["Teacher"],["Trainee"]]},{"operationId":"SCRVTDu55ES2NBip5HT07w","operationType":"delete","parameters":{"Objects":"[System.Session]"},"constants":{},"allowedUserRoleSets":[["Administrator"],["Teacher"],["Trainee"]]},{"operationId":"gJn7uj0fbkKuJALO6IaGuA","operationType":"rollback","parameters":{"Objects":"AnyObjectList"},"constants":{},"allowedUserRoleSets":[["Administrator"],["Teacher"],["Trainee"]]},{"operationId":"fvmQtOKXyUCoRWiguJPd1g","operationType":"callMicroflow","parameters":{"TrainingEvent":"MyFirstModule.TrainingEvent"},"constants":{"MicroflowName":"MyFirstModule.ACT_TrainingEvent_SaveValidate"},"allowedUserRoleSets":[["Administrator"]]},{"operationId":"PeoSg6ws6ES3EJWcizW03w","operationType":"callMicroflow","parameters":{"AccountPasswordData":"Administration.AccountPasswordData"},"constants":{"MicroflowName":"Administration.ChangeMyPassword"},"allowedUserRoleSets":[["Administrator"],["Teacher"],["Trainee"]]},{"operationId":"hHpU3s7bSUiKXL2ZsIo85Q","operationType":"rollback","parameters":{"Objects":"AnyObjectList"},"constants":{},"allowedUserRoleSets":[["Administrator"],["Teacher"],["Trainee"]]},{"operationId":"Znz9ffJIhUysUfAzbKPY3g","operationType":"create","parameters":{},"constants":{"ObjectType":"MyFirstModule.Registration"},"allowedUserRoleSets":[["Administrator"]]},{"operationId":"6HC8BWqnb0W1hlOR1szmng","operationType":"rollback","parameters":{"Objects":"AnyObjectList"},"constants":{},"allowedUserRoleSets":[["Administrator"],["Teacher"],["Trainee"]]},{"operationId":"GwG6Kt672E6c0kpN78y8wA","operationType":"rollback","parameters":{"Objects":"AnyObjectList"},"constants":{},"allowedUserRoleSets":[["Administrator"],["Teacher"],["Trainee"]]}]