[{"queryId":"ilx0gQFasUydrIrJkSPm6A","xPath":"//MyFirstModule.Registration[MyFirstModule.Registration_TrainingEvent='[%CurrentObject%]']","microflow":null,"entityPath":null,"pageName":"MyFirstModule.TrainingEvent_Registration_Overview","widgetName":"MyFirstModule.TrainingEvent_Registration_Overview.listView1","usedAssociations":["MyFirstModule.Registration/MyFirstModule.Registration_Trainee/MyFirstModule.Trainee"],"usedAttributes":[],"parameters":{"CurrentObject":"MyFirstModule.TrainingEvent"},"allowedUserRoleSets":[["Administrator"],["Teacher"],["Trainee"]]},{"queryId":"6p34zF2EI0qY5hJCU0HPWQ","xPath":"//MyFirstModule.Location","microflow":null,"entityPath":null,"pageName":"MyFirstModule.Location_Overview","widgetName":"MyFirstModule.Location_Overview.listView3","usedAssociations":[],"usedAttributes":[],"parameters":{},"allowedUserRoleSets":[["Administrator"],["Teacher"],["Trainee"]]},{"queryId":"Cv2SUFiP006WImwkIHaQGA","xPath":"//System.Language","microflow":null,"entityPath":null,"pageName":"Administration.Account_Edit","widgetName":"Administration.Account_Edit.referenceSelector1","usedAssociations":[],"usedAttributes":["System.Language/System.Language.Description"],"parameters":{},"allowedUserRoleSets":[["Administrator"],["Teacher"],["Trainee"]]},{"queryId":"xIRBz0WxU0yz9mqbRyO3Vg","xPath":"//MyFirstModule.Location","microflow":null,"entityPath":null,"pageName":"MyFirstModule.TrainingEvent_NewEdit","widgetName":"MyFirstModule.TrainingEvent_NewEdit.referenceSelector2","usedAssociations":[],"usedAttributes":["MyFirstModule.Location/MyFirstModule.Location.Name"],"parameters":{},"allowedUserRoleSets":[["Administrator"],["Teacher"],["Trainee"]]},{"queryId":"mgVnfwJ+8ke7PmnrzodhLg","xPath":"//System.Language","microflow":null,"entityPath":null,"pageName":"Administration.Account_New","widgetName":"Administration.Account_New.referenceSelector1","usedAssociations":[],"usedAttributes":["System.Language/System.Language.Description"],"parameters":{},"allowedUserRoleSets":[["Administrator"],["Teacher"],["Trainee"]]},{"queryId":"5UfbfpFcZkebcuieOE8ruQ","xPath":"//MyFirstModule.Course","microflow":null,"entityPath":null,"pageName":"MyFirstModule.TrainingEvent_NewEdit","widgetName":"MyFirstModule.TrainingEvent_NewEdit.referenceSelector1","usedAssociations":[],"usedAttributes":["MyFirstModule.Course/MyFirstModule.Course.Title"],"parameters":{},"allowedUserRoleSets":[["Administrator"],["Teacher"],["Trainee"]]},{"queryId":"+EWRAeNpr0SIzW7uxcD7mA","xPath":"//MyFirstModule.Trainee","microflow":null,"entityPath":null,"pageName":"MyFirstModule.Trainee_Overview","widgetName":"MyFirstModule.Trainee_Overview.listView3","usedAssociations":[],"usedAttributes":[],"parameters":{},"allowedUserRoleSets":[["Administrator"],["Teacher"],["Trainee"]]},{"queryId":"i7xdhsDUW0aG6Am8+OGn8A","xPath":"//MyFirstModule.Teacher","microflow":null,"entityPath":null,"pageName":"MyFirstModule.Teacher_Overview","widgetName":"MyFirstModule.Teacher_Overview.listView3","usedAssociations":[],"usedAttributes":[],"parameters":{},"allowedUserRoleSets":[["Administrator"],["Teacher"],["Trainee"]]},{"queryId":"x4NKapenMUSr9+vdXF/KOg","xPath":null,"microflow":"Administration.RetrieveTimeZones","entityPath":null,"pageName":"Administration.Account_Edit","widgetName":"Administration.Account_Edit.referenceSelector2","usedAssociations":[],"usedAttributes":["System.TimeZone/System.TimeZone.Description"],"parameters":{},"allowedUserRoleSets":[["Administrator"],["Teacher"],["Trainee"]]},{"queryId":"hxxTrzQoKkGG6BT3lnSliA","xPath":"//MyFirstModule.Course","microflow":null,"entityPath":null,"pageName":"MyFirstModule.Courses_Overview","widgetName":"MyFirstModule.Courses_Overview.listView3","usedAssociations":[],"usedAttributes":[],"parameters":{},"allowedUserRoleSets":[["Administrator"],["Teacher"],["Trainee"]]},{"queryId":"4ceGwAYf5EqXd9OqMeCP2w","xPath":"//MyFirstModule.Trainee","microflow":null,"entityPath":null,"pageName":"MyFirstModule.Registration_NewEdit","widgetName":"MyFirstModule.Registration_NewEdit.referenceSelector1","usedAssociations":[],"usedAttributes":["MyFirstModule.Trainee/MyFirstModule.Trainee.Name"],"parameters":{},"allowedUserRoleSets":[["Administrator"],["Teacher"],["Trainee"]]},{"queryId":"bTZn4rCEAUmBnWRdV5dX6w","xPath":null,"microflow":null,"entityPath":"System.UserRoles/System.UserRole","pageName":"Administration.Account_Edit","widgetName":"Administration.Account_Edit.referenceSetSelector2","usedAssociations":[],"usedAttributes":["System.UserRole/System.UserRole.Name"],"parameters":{"CurrentObject":"Administration.Account"},"allowedUserRoleSets":[["Administrator"],["Teacher"],["Trainee"]]},{"queryId":"sNUaVzQgRUeLqM7qGtHOOA","xPath":null,"microflow":null,"entityPath":"Administration.AccountPasswordData_Account/Administration.Account","pageName":"Administration.Account_New","widgetName":"Administration.Account_New.dataView1","usedAssociations":["Administration.Account/System.UserRoles/System.UserRole","Administration.Account/System.User_Language/System.Language","Administration.Account/System.User_TimeZone/System.TimeZone"],"usedAttributes":[],"parameters":{"CurrentObject":"Administration.AccountPasswordData"},"allowedUserRoleSets":[["Administrator"],["Teacher"],["Trainee"]]},{"queryId":"8qrYYrUGH0Kim6ko8mCx2A","xPath":null,"microflow":null,"entityPath":"System.UserRoles/System.UserRole","pageName":"Administration.Account_New","widgetName":"Administration.Account_New.referenceSetSelector2","usedAssociations":[],"usedAttributes":["System.UserRole/System.UserRole.Name"],"parameters":{"CurrentObject":"Administration.Account"},"allowedUserRoleSets":[["Administrator"],["Teacher"],["Trainee"]]},{"queryId":"H3bOsj4oUEKWYjmp9LIE0Q","xPath":"//MyFirstModule.Teacher","microflow":null,"entityPath":null,"pageName":"MyFirstModule.TrainingEvent_NewEdit","widgetName":"MyFirstModule.TrainingEvent_NewEdit.referenceSelector3","usedAssociations":[],"usedAttributes":["MyFirstModule.Teacher/MyFirstModule.Teacher.Name"],"parameters":{},"allowedUserRoleSets":[["Administrator"],["Teacher"],["Trainee"]]},{"queryId":"WgVrQRoBI0eadxcI4KkWTQ","xPath":"//MyFirstModule.TrainingEvent","microflow":null,"entityPath":null,"pageName":"MyFirstModule.TrainingEvent_Overview","widgetName":"MyFirstModule.TrainingEvent_Overview.listView3","usedAssociations":["MyFirstModule.TrainingEvent/MyFirstModule.TrainingEvent_Course/MyFirstModule.Course","MyFirstModule.TrainingEvent/MyFirstModule.TrainingEvent_Teacher/MyFirstModule.Teacher","MyFirstModule.TrainingEvent/MyFirstModule.TrainingEvent_Location/MyFirstModule.Location"],"usedAttributes":[],"parameters":{},"allowedUserRoleSets":[["Administrator"],["Teacher"],["Trainee"]]},{"queryId":"U69XCgY7Ek+SeBoenaVvzw","xPath":"//System.Language","microflow":null,"entityPath":null,"pageName":"Administration.MyAccount","widgetName":"Administration.MyAccount.referenceSelector1","usedAssociations":[],"usedAttributes":["System.Language/System.Language.Description"],"parameters":{},"allowedUserRoleSets":[["Administrator"],["Teacher"],["Trainee"]]},{"queryId":"GoCJgm+yHEKm0QpXn5N5hg","xPath":null,"microflow":"Administration.RetrieveTimeZones","entityPath":null,"pageName":"Administration.Account_New","widgetName":"Administration.Account_New.referenceSelector2","usedAssociations":[],"usedAttributes":["System.TimeZone/System.TimeZone.Description"],"parameters":{},"allowedUserRoleSets":[["Administrator"],["Teacher"],["Trainee"]]}]