﻿<?xml version='1.0' encoding='utf-8'?><m:page id='91b260bd-8267-4934-993e-2906d3b6c37f' xmlns='http://www.w3.org/1999/xhtml' title='Edit Course' cancelChangesOperationId='MXGADGD5WkamdJq6kVJ73A' xmlns:m='http://schemas.mendix.com/forms/1.0'><m:parameters>["Course"]</m:parameters><m:layouts><m:layout path='Atlas_Core/PopupLayout.layout.xml'></m:layout></m:layouts><m:arguments><m:argument parameterName='1f869e80-cebc-4255-93be-cb47447ba548'><div data-mendix-id='19.MyFirstModule.Course_NewEdit.layoutGrid1' data-mendix-type='mxui.widget.ReactWidgetWrapper' data-mendix-props='"widgetTree":[{"$widgetId":"19.MyFirstModule.Course_NewEdit.layoutGrid1","widget":"Div","props":{"class":"mx-name-layoutGrid1 mx-layoutgrid mx-layoutgrid-fluid container-fluid","content":[{"$widgetId":"19.MyFirstModule.Course_NewEdit.layoutGrid1$row0","widget":"Div","props":{"class":"row","content":[{"$widgetId":"19.MyFirstModule.Course_NewEdit.layoutGrid1$row0$column0","widget":"Div","props":{"class":"col-lg col-md col","content":[{"$widgetId":"19.MyFirstModule.Course_NewEdit.dataView6","widget":"DataView","props":{"class":"mx-name-dataView6 form-vertical","object":{"$type":"AssociationObjectProperty","dataSourceId":"19.13","scope":"$Course","editable":true},"emptyMessage":{"$type":"TextProperty","value":""},"body":[{"$widgetId":"19.MyFirstModule.Course_NewEdit.textBox1$formGroup","widget":"FormGroup","props":{"class":"mx-name-textBox1 mx-textbox","control":[{"$widgetId":"19.MyFirstModule.Course_NewEdit.textBox1","widget":"TextBox","props":{"inputValue":{"$type":"AttributeProperty","scope":"19.MyFirstModule.Course_NewEdit.dataView6","path":"","entity":"MyFirstModule.Course","attribute":"Title","onChange":{"type":"doNothing","argMap":{},"config":{},"disabledDuringExecution":false},"validation":null,"formatting":{}},"isPassword":false,"placeholder":{"$type":"TextProperty","value":""},"mask":"","readOnlyStyle":"control","maxLength":200,"onEnter":null,"onLeave":null,"onEnterKeyPress":null,"autocomplete":"on","submitWhileEditing":false,"submitDelay":300,"id":{"$type":"DerivedUniqueIdProperty","widgetId":"19.MyFirstModule.Course_NewEdit.textBox1"}}}],"caption":{"$type":"ExpressionProperty","expression":{"expr":{"type":"literal","value":"Title"},"args":{}}},"labelFor":{"$type":"DerivedUniqueIdProperty","widgetId":"19.MyFirstModule.Course_NewEdit.textBox1"},"orientation":"vertical","hasError":{"$type":"ValidationProperty","inputWidgetId":"19.MyFirstModule.Course_NewEdit.textBox1"}}},{"$widgetId":"19.MyFirstModule.Course_NewEdit.textBox2$formGroup","widget":"FormGroup","props":{"class":"mx-name-textBox2 mx-textbox","control":[{"$widgetId":"19.MyFirstModule.Course_NewEdit.textBox2","widget":"TextBox","props":{"inputValue":{"$type":"AttributeProperty","scope":"19.MyFirstModule.Course_NewEdit.dataView6","path":"","entity":"MyFirstModule.Course","attribute":"Description","onChange":{"type":"doNothing","argMap":{},"config":{},"disabledDuringExecution":false},"validation":null,"formatting":{}},"isPassword":false,"placeholder":{"$type":"TextProperty","value":""},"mask":"","readOnlyStyle":"control","maxLength":200,"onEnter":null,"onLeave":null,"onEnterKeyPress":null,"autocomplete":"on","submitWhileEditing":false,"submitDelay":300,"id":{"$type":"DerivedUniqueIdProperty","widgetId":"19.MyFirstModule.Course_NewEdit.textBox2"}}}],"caption":{"$type":"ExpressionProperty","expression":{"expr":{"type":"literal","value":"Description"},"args":{}}},"labelFor":{"$type":"DerivedUniqueIdProperty","widgetId":"19.MyFirstModule.Course_NewEdit.textBox2"},"orientation":"vertical","hasError":{"$type":"ValidationProperty","inputWidgetId":"19.MyFirstModule.Course_NewEdit.textBox2"}}},{"$widgetId":"19.MyFirstModule.Course_NewEdit.textBox3$formGroup","widget":"FormGroup","props":{"class":"mx-name-textBox3 mx-textbox","control":[{"$widgetId":"19.MyFirstModule.Course_NewEdit.textBox3","widget":"TextBox","props":{"inputValue":{"$type":"AttributeProperty","scope":"19.MyFirstModule.Course_NewEdit.dataView6","path":"","entity":"MyFirstModule.Course","attribute":"Price","onChange":{"type":"doNothing","argMap":{},"config":{},"disabledDuringExecution":false},"validation":null,"formatting":{"numberFormat":{"groupDigits":false,"decimalPrecision":2}}},"isPassword":false,"placeholder":{"$type":"TextProperty","value":""},"mask":"","readOnlyStyle":"control","onEnter":null,"onLeave":null,"onEnterKeyPress":null,"autocomplete":"on","submitWhileEditing":false,"submitDelay":300,"id":{"$type":"DerivedUniqueIdProperty","widgetId":"19.MyFirstModule.Course_NewEdit.textBox3"}}}],"caption":{"$type":"ExpressionProperty","expression":{"expr":{"type":"literal","value":"Price"},"args":{}}},"labelFor":{"$type":"DerivedUniqueIdProperty","widgetId":"19.MyFirstModule.Course_NewEdit.textBox3"},"orientation":"vertical","hasError":{"$type":"ValidationProperty","inputWidgetId":"19.MyFirstModule.Course_NewEdit.textBox3"}}},{"$widgetId":"19.MyFirstModule.Course_NewEdit.textBox4$formGroup","widget":"FormGroup","props":{"class":"mx-name-textBox4 mx-textbox","control":[{"$widgetId":"19.MyFirstModule.Course_NewEdit.textBox4","widget":"TextBox","props":{"inputValue":{"$type":"AttributeProperty","scope":"19.MyFirstModule.Course_NewEdit.dataView6","path":"","entity":"MyFirstModule.Course","attribute":"Duration","onChange":{"type":"doNothing","argMap":{},"config":{},"disabledDuringExecution":false},"validation":null,"formatting":{"numberFormat":{"groupDigits":false}}},"isPassword":false,"placeholder":{"$type":"TextProperty","value":""},"mask":"","readOnlyStyle":"control","onEnter":null,"onLeave":null,"onEnterKeyPress":null,"autocomplete":"on","submitWhileEditing":false,"submitDelay":300,"id":{"$type":"DerivedUniqueIdProperty","widgetId":"19.MyFirstModule.Course_NewEdit.textBox4"}}}],"caption":{"$type":"ExpressionProperty","expression":{"expr":{"type":"literal","value":"Duration"},"args":{}}},"labelFor":{"$type":"DerivedUniqueIdProperty","widgetId":"19.MyFirstModule.Course_NewEdit.textBox4"},"orientation":"vertical","hasError":{"$type":"ValidationProperty","inputWidgetId":"19.MyFirstModule.Course_NewEdit.textBox4"}}}],"hideFooter":false,"footer":[{"$widgetId":"19.MyFirstModule.Course_NewEdit.actionButton1","widget":"ActionButton","props":{"buttonId":"19.MyFirstModule.Course_NewEdit.actionButton1","class":"mx-name-actionButton1","renderType":"button","buttonClass":"btn-primary","caption":{"$type":"ExpressionProperty","expression":{"expr":{"type":"literal","value":"Save"},"args":{}}},"tooltip":{"$type":"TextProperty","value":""},"action":{"$type":"ActionProperty","action":{"type":"saveChanges","argMap":{"$object":{"widget":"19.MyFirstModule.Course_NewEdit.dataView6","source":"object"}},"config":{"operationId":"YEvA/6bE10KXw32pQcskfg","closePage":true},"disabledDuringExecution":true},"abortOnServerValidation":true}}},{"$widgetId":"19.MyFirstModule.Course_NewEdit.actionButton2","widget":"ActionButton","props":{"buttonId":"19.MyFirstModule.Course_NewEdit.actionButton2","class":"mx-name-actionButton2","renderType":"button","buttonClass":"btn-default","caption":{"$type":"ExpressionProperty","expression":{"expr":{"type":"literal","value":"Cancel"},"args":{}}},"tooltip":{"$type":"TextProperty","value":""},"action":{"$type":"ActionProperty","action":{"type":"cancelChanges","argMap":{},"config":{"operationId":"UpJVHKgot0S22+CWW7aAMg","closePage":true},"disabledDuringExecution":true},"abortOnServerValidation":true}}}]}}]}}]}}]}}],"listenTargets":[]'></div></m:argument></m:arguments></m:page>