﻿<?xml version='1.0' encoding='utf-8'?><m:page id='7b22940f-b2dd-43e1-9a0b-25011a7e1b33' xmlns='http://www.w3.org/1999/xhtml' title='Homepage' class='layout-atlas layout-atlas-responsive-default' cancelChangesOperationId='OXhZ/PyTr0GYtU28Dk0MHg' xmlns:m='http://schemas.mendix.com/forms/1.0'><m:parameters>[]</m:parameters><m:layouts><m:layout path='Atlas_Core/Atlas_Default.layout.xml'></m:layout></m:layouts><m:arguments><m:argument parameterName='201c5205-50e7-4252-9551-e9ba7790af04'><div data-mendix-id='12.MyFirstModule.Home_Web.container1' data-mendix-type='mxui.widget.ReactWidgetWrapper' data-mendix-props='"widgetTree":[{"$widgetId":"12.MyFirstModule.Home_Web.container1","widget":"Container","props":{"class":"mx-name-container1 pageheader","renderMode":"div","onClick":null,"content":[{"$widgetId":"12.MyFirstModule.Home_Web.layoutGrid2","widget":"Div","props":{"class":"mx-name-layoutGrid2 mx-layoutgrid mx-layoutgrid-fluid container-fluid","content":[{"$widgetId":"12.MyFirstModule.Home_Web.layoutGrid2$row0","widget":"Div","props":{"class":"row","content":[{"$widgetId":"12.MyFirstModule.Home_Web.layoutGrid2$row0$column0","widget":"Div","props":{"class":"col-lg col-md col","content":[{"$widgetId":"12.MyFirstModule.Home_Web.text1","widget":"Text","props":{"class":"mx-name-text1 pageheader-title spacing-outer-bottom","caption":{"$type":"ExpressionProperty","expression":{"expr":{"type":"literal","value":"LearnNow Training Management"},"args":{}}},"renderMode":"h3"}},{"$widgetId":"12.MyFirstModule.Home_Web.text2","widget":"Text","props":{"class":"mx-name-text2 pageheader-subtitle text-detail","caption":{"$type":"ExpressionProperty","expression":{"expr":{"type":"literal","value":"Welcome to your new app"},"args":{}}},"renderMode":"p"}}]}}]}}]}}],"ariaHidden":false}}],"listenTargets":[]'></div><div data-mendix-id='12.MyFirstModule.Home_Web.layoutGrid1' data-mendix-type='mxui.widget.ReactWidgetWrapper' data-mendix-props='"widgetTree":[{"$widgetId":"12.MyFirstModule.Home_Web.layoutGrid1","widget":"Div","props":{"class":"mx-name-layoutGrid1 mx-layoutgrid mx-layoutgrid-fluid container-fluid","content":[{"$widgetId":"12.MyFirstModule.Home_Web.layoutGrid1$row0","widget":"Div","props":{"class":"row","content":[{"$widgetId":"12.MyFirstModule.Home_Web.layoutGrid1$row0$column0","widget":"Div","props":{"class":"col-lg col-md-6 col-6","content":[{"$widgetId":"12.MyFirstModule.Home_Web.actionButton1$visibility","widget":"ConditionalVisibilityWrapper","props":{"visible":{"$type":"ExpressionProperty","expression":{"expr":{"type":"function","name":"_hasSomeRole","parameters":[{"type":"literal","value":"Administrator"},{"type":"literal","value":"Teacher"}]},"args":{}}},"contents":[{"$widgetId":"12.MyFirstModule.Home_Web.actionButton1","widget":"ActionButton","props":{"buttonId":"12.MyFirstModule.Home_Web.actionButton1","class":"mx-name-actionButton1 btn-block btn-lg","renderType":"button","buttonClass":"btn-default","caption":{"$type":"ExpressionProperty","expression":{"expr":{"type":"literal","value":"Courses"},"args":{}}},"tooltip":{"$type":"TextProperty","value":""},"icon":{"$type":"IconProperty","icon":{"type":"glyph","iconClass":"glyphicon-book"}},"action":{"$type":"ActionProperty","action":{"type":"openPage","argMap":{},"config":{"name":"MyFirstModule/Courses_Overview.page.xml","location":"content","allowedRoles":["Administrator","Teacher"]},"disabledDuringExecution":true},"abortOnServerValidation":true}}}]}}]}},{"$widgetId":"12.MyFirstModule.Home_Web.layoutGrid1$row0$column1","widget":"Div","props":{"class":"col-lg col-md-6 col-6","content":[{"$widgetId":"12.MyFirstModule.Home_Web.actionButton2$visibility","widget":"ConditionalVisibilityWrapper","props":{"visible":{"$type":"ExpressionProperty","expression":{"expr":{"type":"function","name":"_hasSomeRole","parameters":[{"type":"literal","value":"Administrator"},{"type":"literal","value":"Teacher"}]},"args":{}}},"contents":[{"$widgetId":"12.MyFirstModule.Home_Web.actionButton2","widget":"ActionButton","props":{"buttonId":"12.MyFirstModule.Home_Web.actionButton2","class":"mx-name-actionButton2 btn-block btn-lg","renderType":"button","buttonClass":"btn-default","caption":{"$type":"ExpressionProperty","expression":{"expr":{"type":"literal","value":"Locations"},"args":{}}},"tooltip":{"$type":"TextProperty","value":""},"icon":{"$type":"IconProperty","icon":{"type":"glyph","iconClass":"glyphicon-map-marker"}},"action":{"$type":"ActionProperty","action":{"type":"openPage","argMap":{},"config":{"name":"MyFirstModule/Location_Overview.page.xml","location":"content","allowedRoles":["Administrator","Teacher"]},"disabledDuringExecution":true},"abortOnServerValidation":true}}}]}}]}},{"$widgetId":"12.MyFirstModule.Home_Web.layoutGrid1$row0$column2","widget":"Div","props":{"class":"col-lg col-md-6 col-6","content":[{"$widgetId":"12.MyFirstModule.Home_Web.actionButton3$visibility","widget":"ConditionalVisibilityWrapper","props":{"visible":{"$type":"ExpressionProperty","expression":{"expr":{"type":"function","name":"_hasSomeRole","parameters":[{"type":"literal","value":"Administrator"},{"type":"literal","value":"Teacher"}]},"args":{}}},"contents":[{"$widgetId":"12.MyFirstModule.Home_Web.actionButton3","widget":"ActionButton","props":{"buttonId":"12.MyFirstModule.Home_Web.actionButton3","class":"mx-name-actionButton3 btn-lg btn-block","renderType":"button","buttonClass":"btn-default","caption":{"$type":"ExpressionProperty","expression":{"expr":{"type":"literal","value":"Teachers"},"args":{}}},"tooltip":{"$type":"TextProperty","value":""},"icon":{"$type":"IconProperty","icon":{"type":"glyph","iconClass":"glyphicon-user"}},"action":{"$type":"ActionProperty","action":{"type":"openPage","argMap":{},"config":{"name":"MyFirstModule/Teacher_Overview.page.xml","location":"content","allowedRoles":["Administrator","Teacher"]},"disabledDuringExecution":true},"abortOnServerValidation":true}}}]}}]}},{"$widgetId":"12.MyFirstModule.Home_Web.layoutGrid1$row0$column3","widget":"Div","props":{"class":"col-lg col-md-6 col-6","content":[{"$widgetId":"12.MyFirstModule.Home_Web.actionButton4$visibility","widget":"ConditionalVisibilityWrapper","props":{"visible":{"$type":"ExpressionProperty","expression":{"expr":{"type":"function","name":"_hasSomeRole","parameters":[{"type":"literal","value":"Administrator"},{"type":"literal","value":"Teacher"}]},"args":{}}},"contents":[{"$widgetId":"12.MyFirstModule.Home_Web.actionButton4","widget":"ActionButton","props":{"buttonId":"12.MyFirstModule.Home_Web.actionButton4","class":"mx-name-actionButton4 btn-lg btn-block","renderType":"button","buttonClass":"btn-default","caption":{"$type":"ExpressionProperty","expression":{"expr":{"type":"literal","value":"Trainees"},"args":{}}},"tooltip":{"$type":"TextProperty","value":""},"icon":{"$type":"IconProperty","icon":{"type":"glyph","iconClass":"glyphicon-education"}},"action":{"$type":"ActionProperty","action":{"type":"openPage","argMap":{},"config":{"name":"MyFirstModule/Trainee_Overview.page.xml","location":"content","allowedRoles":["Administrator","Teacher"]},"disabledDuringExecution":true},"abortOnServerValidation":true}}}]}}]}},{"$widgetId":"12.MyFirstModule.Home_Web.layoutGrid1$row0$column4","widget":"Div","props":{"class":"col-lg col-md-6 col-6","content":[{"$widgetId":"12.MyFirstModule.Home_Web.actionButton5$visibility","widget":"ConditionalVisibilityWrapper","props":{"visible":{"$type":"ExpressionProperty","expression":{"expr":{"type":"function","name":"_hasSomeRole","parameters":[{"type":"literal","value":"Administrator"},{"type":"literal","value":"Teacher"},{"type":"literal","value":"Trainee"}]},"args":{}}},"contents":[{"$widgetId":"12.MyFirstModule.Home_Web.actionButton5","widget":"ActionButton","props":{"buttonId":"12.MyFirstModule.Home_Web.actionButton5","class":"mx-name-actionButton5 btn-lg btn-block","renderType":"button","buttonClass":"btn-default","caption":{"$type":"ExpressionProperty","expression":{"expr":{"type":"literal","value":"Training Events"},"args":{}}},"tooltip":{"$type":"TextProperty","value":""},"icon":{"$type":"IconProperty","icon":{"type":"glyph","iconClass":"glyphicon-calendar"}},"action":{"$type":"ActionProperty","action":{"type":"openPage","argMap":{},"config":{"name":"MyFirstModule/TrainingEvent_Overview.page.xml","location":"modal","resizable":true,"allowedRoles":["Administrator","Teacher","Trainee"]},"disabledDuringExecution":true},"abortOnServerValidation":true}}}]}}]}},{"$widgetId":"12.MyFirstModule.Home_Web.layoutGrid1$row0$column5","widget":"Div","props":{"class":"col-lg col-md-6 col-6","content":[{"$widgetId":"12.MyFirstModule.Home_Web.actionButton6$visibility","widget":"ConditionalVisibilityWrapper","props":{"visible":{"$type":"ExpressionProperty","expression":{"expr":{"type":"function","name":"_hasSomeRole","parameters":[{"type":"literal","value":"Administrator"}]},"args":{}}},"contents":[{"$widgetId":"12.MyFirstModule.Home_Web.actionButton6","widget":"ActionButton","props":{"buttonId":"12.MyFirstModule.Home_Web.actionButton6","class":"mx-name-actionButton6 btn-lg btn-block","renderType":"button","buttonClass":"btn-default","caption":{"$type":"ExpressionProperty","expression":{"expr":{"type":"literal","value":"Add a Training Event"},"args":{}}},"tooltip":{"$type":"TextProperty","value":""},"icon":{"$type":"IconProperty","icon":{"type":"glyph","iconClass":"glyphicon-plus"}},"action":{"$type":"ActionProperty","action":{"type":"createObject","argMap":{},"config":{"entity":"MyFirstModule.TrainingEvent","operationId":"GhHMj4VtKke/v0nZnYufKA","pageSettings":{"name":"MyFirstModule/TrainingEvent_NewEdit.page.xml","location":"modal","resizable":true,"allowedRoles":["Administrator"]},"allowedRoles":["Administrator"],"objectParameter":"param$TrainingEvent"},"disabledDuringExecution":true},"abortOnServerValidation":true}}}]}}]}}]}}]}}],"listenTargets":[]'></div></m:argument></m:arguments></m:page>