﻿<?xml version='1.0' encoding='utf-8'?><m:page id='2f6a7e79-cf30-455f-8a66-c902e6009448' xmlns='http://www.w3.org/1999/xhtml' title='Edit Location' cancelChangesOperationId='/cDIV2AL2EOYWsvrsUVjKA' xmlns:m='http://schemas.mendix.com/forms/1.0'><m:parameters>["Location"]</m:parameters><m:layouts><m:layout path='Atlas_Core/PopupLayout.layout.xml'></m:layout></m:layouts><m:arguments><m:argument parameterName='1f869e80-cebc-4255-93be-cb47447ba548'><div data-mendix-id='14.MyFirstModule.Location_NewEdit.layoutGrid1' data-mendix-type='mxui.widget.ReactWidgetWrapper' data-mendix-props='"widgetTree":[{"$widgetId":"14.MyFirstModule.Location_NewEdit.layoutGrid1","widget":"Div","props":{"class":"mx-name-layoutGrid1 mx-layoutgrid mx-layoutgrid-fluid container-fluid","content":[{"$widgetId":"14.MyFirstModule.Location_NewEdit.layoutGrid1$row0","widget":"Div","props":{"class":"row","content":[{"$widgetId":"14.MyFirstModule.Location_NewEdit.layoutGrid1$row0$column0","widget":"Div","props":{"class":"col-lg col-md col","content":[{"$widgetId":"14.MyFirstModule.Location_NewEdit.dataView6","widget":"DataView","props":{"class":"mx-name-dataView6 form-vertical","object":{"$type":"AssociationObjectProperty","dataSourceId":"14.13","scope":"$Location","editable":true},"emptyMessage":{"$type":"TextProperty","value":""},"body":[{"$widgetId":"14.MyFirstModule.Location_NewEdit.textBox1$formGroup","widget":"FormGroup","props":{"class":"mx-name-textBox1 mx-textbox","control":[{"$widgetId":"14.MyFirstModule.Location_NewEdit.textBox1","widget":"TextBox","props":{"inputValue":{"$type":"AttributeProperty","scope":"14.MyFirstModule.Location_NewEdit.dataView6","path":"","entity":"MyFirstModule.Location","attribute":"Name","onChange":{"type":"doNothing","argMap":{},"config":{},"disabledDuringExecution":false},"validation":null,"formatting":{}},"isPassword":false,"placeholder":{"$type":"TextProperty","value":""},"mask":"","readOnlyStyle":"control","maxLength":200,"onEnter":null,"onLeave":null,"onEnterKeyPress":null,"autocomplete":"on","submitWhileEditing":false,"submitDelay":300,"id":{"$type":"DerivedUniqueIdProperty","widgetId":"14.MyFirstModule.Location_NewEdit.textBox1"}}}],"caption":{"$type":"ExpressionProperty","expression":{"expr":{"type":"literal","value":"Name"},"args":{}}},"labelFor":{"$type":"DerivedUniqueIdProperty","widgetId":"14.MyFirstModule.Location_NewEdit.textBox1"},"orientation":"vertical","hasError":{"$type":"ValidationProperty","inputWidgetId":"14.MyFirstModule.Location_NewEdit.textBox1"}}},{"$widgetId":"14.MyFirstModule.Location_NewEdit.textBox2$formGroup","widget":"FormGroup","props":{"class":"mx-name-textBox2 mx-textbox","control":[{"$widgetId":"14.MyFirstModule.Location_NewEdit.textBox2","widget":"TextBox","props":{"inputValue":{"$type":"AttributeProperty","scope":"14.MyFirstModule.Location_NewEdit.dataView6","path":"","entity":"MyFirstModule.Location","attribute":"Address","onChange":{"type":"doNothing","argMap":{},"config":{},"disabledDuringExecution":false},"validation":null,"formatting":{}},"isPassword":false,"placeholder":{"$type":"TextProperty","value":""},"mask":"","readOnlyStyle":"control","maxLength":200,"onEnter":null,"onLeave":null,"onEnterKeyPress":null,"autocomplete":"on","submitWhileEditing":false,"submitDelay":300,"id":{"$type":"DerivedUniqueIdProperty","widgetId":"14.MyFirstModule.Location_NewEdit.textBox2"}}}],"caption":{"$type":"ExpressionProperty","expression":{"expr":{"type":"literal","value":"Address"},"args":{}}},"labelFor":{"$type":"DerivedUniqueIdProperty","widgetId":"14.MyFirstModule.Location_NewEdit.textBox2"},"orientation":"vertical","hasError":{"$type":"ValidationProperty","inputWidgetId":"14.MyFirstModule.Location_NewEdit.textBox2"}}}],"hideFooter":false,"footer":[{"$widgetId":"14.MyFirstModule.Location_NewEdit.actionButton1","widget":"ActionButton","props":{"buttonId":"14.MyFirstModule.Location_NewEdit.actionButton1","class":"mx-name-actionButton1","renderType":"button","buttonClass":"btn-primary","caption":{"$type":"ExpressionProperty","expression":{"expr":{"type":"literal","value":"Save"},"args":{}}},"tooltip":{"$type":"TextProperty","value":""},"action":{"$type":"ActionProperty","action":{"type":"saveChanges","argMap":{"$object":{"widget":"14.MyFirstModule.Location_NewEdit.dataView6","source":"object"}},"config":{"operationId":"acUwZ7jCB0aBuPqBLB+UVQ","closePage":true},"disabledDuringExecution":true},"abortOnServerValidation":true}}},{"$widgetId":"14.MyFirstModule.Location_NewEdit.actionButton2","widget":"ActionButton","props":{"buttonId":"14.MyFirstModule.Location_NewEdit.actionButton2","class":"mx-name-actionButton2","renderType":"button","buttonClass":"btn-default","caption":{"$type":"ExpressionProperty","expression":{"expr":{"type":"literal","value":"Cancel"},"args":{}}},"tooltip":{"$type":"TextProperty","value":""},"action":{"$type":"ActionProperty","action":{"type":"cancelChanges","argMap":{},"config":{"operationId":"clfvcYDaHk6kFgp+MJU8iA","closePage":true},"disabledDuringExecution":true},"abortOnServerValidation":true}}}]}}]}}]}}]}}],"listenTargets":[]'></div></m:argument></m:arguments></m:page>