﻿<?xml version='1.0' encoding='utf-8'?><m:page id='b9c5a491-561a-4f2d-a2a9-5aeacffcd956' xmlns='http://www.w3.org/1999/xhtml' title='Edit Registration' cancelChangesOperationId='i9Rqr16f5EuIT4AHCR+Y/A' xmlns:m='http://schemas.mendix.com/forms/1.0'><m:parameters>["Registration"]</m:parameters><m:layouts><m:layout path='Atlas_Core/PopupLayout.layout.xml'></m:layout></m:layouts><m:arguments><m:argument parameterName='1f869e80-cebc-4255-93be-cb47447ba548'><div data-mendix-id='16.MyFirstModule.Registration_NewEdit.layoutGrid1' data-mendix-type='mxui.widget.ReactWidgetWrapper' data-mendix-props='"widgetTree":[{"$widgetId":"16.MyFirstModule.Registration_NewEdit.layoutGrid1","widget":"Div","props":{"class":"mx-name-layoutGrid1 mx-layoutgrid mx-layoutgrid-fluid container-fluid","content":[{"$widgetId":"16.MyFirstModule.Registration_NewEdit.layoutGrid1$row0","widget":"Div","props":{"class":"row","content":[{"$widgetId":"16.MyFirstModule.Registration_NewEdit.layoutGrid1$row0$column0","widget":"Div","props":{"class":"col-lg col-md col","content":[{"$widgetId":"16.MyFirstModule.Registration_NewEdit.dataView6","widget":"DataView","props":{"class":"mx-name-dataView6 form-vertical","object":{"$type":"AssociationObjectProperty","dataSourceId":"16.14","scope":"$Registration","editable":true},"emptyMessage":{"$type":"TextProperty","value":""},"body":[{"$widgetId":"16.MyFirstModule.Registration_NewEdit.textBox1$formGroup","widget":"FormGroup","props":{"class":"mx-name-textBox1 mx-textbox","control":[{"$widgetId":"16.MyFirstModule.Registration_NewEdit.textBox1","widget":"TextBox","props":{"inputValue":{"$type":"AttributeProperty","scope":"16.MyFirstModule.Registration_NewEdit.dataView6","path":"","entity":"MyFirstModule.Registration","attribute":"Number","onChange":{"type":"doNothing","argMap":{},"config":{},"disabledDuringExecution":false},"isEditable":{"expr":{"type":"literal","value":false},"args":{}},"validation":null,"formatting":{"numberFormat":{"groupDigits":false}}},"isPassword":false,"placeholder":{"$type":"TextProperty","value":""},"mask":"","readOnlyStyle":"control","onEnter":null,"onLeave":null,"onEnterKeyPress":null,"autocomplete":"on","submitWhileEditing":false,"submitDelay":300,"id":{"$type":"DerivedUniqueIdProperty","widgetId":"16.MyFirstModule.Registration_NewEdit.textBox1"}}}],"caption":{"$type":"ExpressionProperty","expression":{"expr":{"type":"literal","value":"Number"},"args":{}}},"labelFor":{"$type":"DerivedUniqueIdProperty","widgetId":"16.MyFirstModule.Registration_NewEdit.textBox1"},"orientation":"vertical","hasError":{"$type":"ValidationProperty","inputWidgetId":"16.MyFirstModule.Registration_NewEdit.textBox1"}}},{"$widgetId":"16.MyFirstModule.Registration_NewEdit.referenceSelector1$formGroup","widget":"FormGroup","props":{"class":"mx-name-referenceSelector1 mx-referenceselector","control":[{"$widgetId":"16.MyFirstModule.Registration_NewEdit.referenceSelector1","widget":"ReferenceSelector","props":{"valueOptions":{"$type":"DatabaseObjectListProperty","dataSourceId":"16.1","entity":"MyFirstModule.Trainee","scope":"16.MyFirstModule.Registration_NewEdit.dataView6","fetchOnlyWithAllParams":true,"queryId":"4ceGwAYf5EqXd9OqMeCP2w","sort":[["Name","asc"]]},"value":{"$type":"AssociationProperty","type":"Reference","entity":"MyFirstModule.Registration","path":"","attribute":"MyFirstModule.Registration_Trainee","endpointEntity":"MyFirstModule.Trainee","selectableObjectsId":"16.1","scope":"16.MyFirstModule.Registration_NewEdit.dataView6","validation":null,"onChange":{"type":"doNothing","argMap":{},"config":{},"disabledDuringExecution":false}},"readOnlyStyle":"control","attribute":{"$type":"ListAttributeProperty","path":"","entity":"MyFirstModule.Trainee","attribute":"Name","attributeType":"String","sortable":true,"filterable":true,"dataSourceId":"16.1","formatting":{}},"id":{"$type":"DerivedUniqueIdProperty","widgetId":"16.MyFirstModule.Registration_NewEdit.referenceSelector1"}}}],"caption":{"$type":"ExpressionProperty","expression":{"expr":{"type":"literal","value":"Trainee"},"args":{}}},"labelFor":{"$type":"DerivedUniqueIdProperty","widgetId":"16.MyFirstModule.Registration_NewEdit.referenceSelector1"},"orientation":"vertical","hasError":{"$type":"ValidationProperty","inputWidgetId":"16.MyFirstModule.Registration_NewEdit.referenceSelector1"}}},{"$widgetId":"16.MyFirstModule.Registration_NewEdit.datePicker1$formGroup","widget":"FormGroup","props":{"class":"mx-name-datePicker1 mx-datepicker","control":[{"$widgetId":"16.MyFirstModule.Registration_NewEdit.datePicker1","widget":"DatePicker","props":{"mode":"date","showCalendarButton":true,"inputValue":{"$type":"AttributeProperty","scope":"16.MyFirstModule.Registration_NewEdit.dataView6","path":"","entity":"MyFirstModule.Registration","attribute":"Date","onChange":{"type":"doNothing","argMap":{},"config":{},"disabledDuringExecution":false},"validation":null,"formatting":{"dateFormat":{"type":"date"}}},"placeholder":{"$type":"TextProperty","value":""},"buttonLabel":{"$type":"TextProperty","value":"Show date picker"},"readOnlyStyle":"control","onEnter":null,"onLeave":null,"id":{"$type":"DerivedUniqueIdProperty","widgetId":"16.MyFirstModule.Registration_NewEdit.datePicker1"}}}],"caption":{"$type":"ExpressionProperty","expression":{"expr":{"type":"literal","value":"Date"},"args":{}}},"labelFor":{"$type":"DerivedUniqueIdProperty","widgetId":"16.MyFirstModule.Registration_NewEdit.datePicker1"},"orientation":"vertical","hasError":{"$type":"ValidationProperty","inputWidgetId":"16.MyFirstModule.Registration_NewEdit.datePicker1"}}},{"$widgetId":"16.MyFirstModule.Registration_NewEdit.radioButtons1$formGroup","widget":"FormGroup","props":{"class":"mx-name-radioButtons1 mx-radiobuttons inline","control":[{"$widgetId":"16.MyFirstModule.Registration_NewEdit.radioButtons1","widget":"RadioButtonGroup","props":{"value":{"$type":"AttributeProperty","scope":"16.MyFirstModule.Registration_NewEdit.dataView6","path":"","entity":"MyFirstModule.Registration","attribute":"Attended","onChange":{"type":"doNothing","argMap":{},"config":{},"disabledDuringExecution":false},"validation":null},"readOnlyStyle":"control","onEnter":null,"onLeave":null,"id":{"$type":"DerivedUniqueIdProperty","widgetId":"16.MyFirstModule.Registration_NewEdit.radioButtons1"}}}],"caption":{"$type":"ExpressionProperty","expression":{"expr":{"type":"literal","value":"Attended"},"args":{}}},"labelFor":{"$type":"DerivedUniqueIdProperty","widgetId":"16.MyFirstModule.Registration_NewEdit.radioButtons1"},"orientation":"vertical","hasError":{"$type":"ValidationProperty","inputWidgetId":"16.MyFirstModule.Registration_NewEdit.radioButtons1"}}}],"hideFooter":false,"footer":[{"$widgetId":"16.MyFirstModule.Registration_NewEdit.actionButton1","widget":"ActionButton","props":{"buttonId":"16.MyFirstModule.Registration_NewEdit.actionButton1","class":"mx-name-actionButton1","renderType":"button","buttonClass":"btn-primary","caption":{"$type":"ExpressionProperty","expression":{"expr":{"type":"literal","value":"Save"},"args":{}}},"tooltip":{"$type":"TextProperty","value":""},"action":{"$type":"ActionProperty","action":{"type":"saveChanges","argMap":{"$object":{"widget":"16.MyFirstModule.Registration_NewEdit.dataView6","source":"object"}},"config":{"operationId":"MN9Zhz7Etkif5xTZWsn3WQ","closePage":true},"disabledDuringExecution":true},"abortOnServerValidation":true}}},{"$widgetId":"16.MyFirstModule.Registration_NewEdit.actionButton2","widget":"ActionButton","props":{"buttonId":"16.MyFirstModule.Registration_NewEdit.actionButton2","class":"mx-name-actionButton2","renderType":"button","buttonClass":"btn-default","caption":{"$type":"ExpressionProperty","expression":{"expr":{"type":"literal","value":"Cancel"},"args":{}}},"tooltip":{"$type":"TextProperty","value":""},"action":{"$type":"ActionProperty","action":{"type":"cancelChanges","argMap":{},"config":{"operationId":"ZYp6zWupfEGhDYYUWVrKGQ","closePage":true},"disabledDuringExecution":true},"abortOnServerValidation":true}}}]}}]}}]}}]}}],"listenTargets":[]'></div></m:argument></m:arguments></m:page>