﻿<?xml version='1.0' encoding='utf-8'?><m:page id='8a72da94-5ec2-4e63-9810-b3a848ced0db' xmlns='http://www.w3.org/1999/xhtml' title='Edit Teacher' cancelChangesOperationId='QE8z/Xf/8kCBfRg7+uSkYg' xmlns:m='http://schemas.mendix.com/forms/1.0'><m:parameters>["Teacher"]</m:parameters><m:layouts><m:layout path='Atlas_Core/PopupLayout.layout.xml'></m:layout></m:layouts><m:arguments><m:argument parameterName='1f869e80-cebc-4255-93be-cb47447ba548'><div data-mendix-id='17.MyFirstModule.Teacher_NewEdit.layoutGrid1' data-mendix-type='mxui.widget.ReactWidgetWrapper' data-mendix-props='"widgetTree":[{"$widgetId":"17.MyFirstModule.Teacher_NewEdit.layoutGrid1","widget":"Div","props":{"class":"mx-name-layoutGrid1 mx-layoutgrid mx-layoutgrid-fluid container-fluid","content":[{"$widgetId":"17.MyFirstModule.Teacher_NewEdit.layoutGrid1$row0","widget":"Div","props":{"class":"row","content":[{"$widgetId":"17.MyFirstModule.Teacher_NewEdit.layoutGrid1$row0$column0","widget":"Div","props":{"class":"col-lg col-md col","content":[{"$widgetId":"17.MyFirstModule.Teacher_NewEdit.dataView6","widget":"DataView","props":{"class":"mx-name-dataView6 form-vertical","object":{"$type":"AssociationObjectProperty","dataSourceId":"17.13","scope":"$Teacher","editable":true},"emptyMessage":{"$type":"TextProperty","value":""},"body":[{"$widgetId":"17.MyFirstModule.Teacher_NewEdit.textBox1$formGroup","widget":"FormGroup","props":{"class":"mx-name-textBox1 mx-textbox","control":[{"$widgetId":"17.MyFirstModule.Teacher_NewEdit.textBox1","widget":"TextBox","props":{"inputValue":{"$type":"AttributeProperty","scope":"17.MyFirstModule.Teacher_NewEdit.dataView6","path":"","entity":"MyFirstModule.Teacher","attribute":"Name","onChange":{"type":"doNothing","argMap":{},"config":{},"disabledDuringExecution":false},"validation":null,"formatting":{}},"isPassword":false,"placeholder":{"$type":"TextProperty","value":""},"mask":"","readOnlyStyle":"control","maxLength":200,"onEnter":null,"onLeave":null,"onEnterKeyPress":null,"autocomplete":"on","submitWhileEditing":false,"submitDelay":300,"id":{"$type":"DerivedUniqueIdProperty","widgetId":"17.MyFirstModule.Teacher_NewEdit.textBox1"}}}],"caption":{"$type":"ExpressionProperty","expression":{"expr":{"type":"literal","value":"Name"},"args":{}}},"labelFor":{"$type":"DerivedUniqueIdProperty","widgetId":"17.MyFirstModule.Teacher_NewEdit.textBox1"},"orientation":"vertical","hasError":{"$type":"ValidationProperty","inputWidgetId":"17.MyFirstModule.Teacher_NewEdit.textBox1"}}},{"$widgetId":"17.MyFirstModule.Teacher_NewEdit.textBox2$formGroup","widget":"FormGroup","props":{"class":"mx-name-textBox2 mx-textbox","control":[{"$widgetId":"17.MyFirstModule.Teacher_NewEdit.textBox2","widget":"TextBox","props":{"inputValue":{"$type":"AttributeProperty","scope":"17.MyFirstModule.Teacher_NewEdit.dataView6","path":"","entity":"MyFirstModule.Teacher","attribute":"EmailAddress","onChange":{"type":"doNothing","argMap":{},"config":{},"disabledDuringExecution":false},"validation":null,"formatting":{}},"isPassword":false,"placeholder":{"$type":"TextProperty","value":""},"mask":"","readOnlyStyle":"control","maxLength":200,"onEnter":null,"onLeave":null,"onEnterKeyPress":null,"autocomplete":"on","submitWhileEditing":false,"submitDelay":300,"id":{"$type":"DerivedUniqueIdProperty","widgetId":"17.MyFirstModule.Teacher_NewEdit.textBox2"}}}],"caption":{"$type":"ExpressionProperty","expression":{"expr":{"type":"literal","value":"Email address"},"args":{}}},"labelFor":{"$type":"DerivedUniqueIdProperty","widgetId":"17.MyFirstModule.Teacher_NewEdit.textBox2"},"orientation":"vertical","hasError":{"$type":"ValidationProperty","inputWidgetId":"17.MyFirstModule.Teacher_NewEdit.textBox2"}}}],"hideFooter":false,"footer":[{"$widgetId":"17.MyFirstModule.Teacher_NewEdit.actionButton1","widget":"ActionButton","props":{"buttonId":"17.MyFirstModule.Teacher_NewEdit.actionButton1","class":"mx-name-actionButton1","renderType":"button","buttonClass":"btn-primary","caption":{"$type":"ExpressionProperty","expression":{"expr":{"type":"literal","value":"Save"},"args":{}}},"tooltip":{"$type":"TextProperty","value":""},"action":{"$type":"ActionProperty","action":{"type":"saveChanges","argMap":{"$object":{"widget":"17.MyFirstModule.Teacher_NewEdit.dataView6","source":"object"}},"config":{"operationId":"Gi2CnlnLT0mJLl5N9ahMeA","closePage":true},"disabledDuringExecution":true},"abortOnServerValidation":true}}},{"$widgetId":"17.MyFirstModule.Teacher_NewEdit.actionButton2","widget":"ActionButton","props":{"buttonId":"17.MyFirstModule.Teacher_NewEdit.actionButton2","class":"mx-name-actionButton2","renderType":"button","buttonClass":"btn-default","caption":{"$type":"ExpressionProperty","expression":{"expr":{"type":"literal","value":"Cancel"},"args":{}}},"tooltip":{"$type":"TextProperty","value":""},"action":{"$type":"ActionProperty","action":{"type":"cancelChanges","argMap":{},"config":{"operationId":"CClYT2W+0kq0xuoG3AD2gw","closePage":true},"disabledDuringExecution":true},"abortOnServerValidation":true}}}]}}]}}]}}]}}],"listenTargets":[]'></div></m:argument></m:arguments></m:page>