﻿<?xml version='1.0' encoding='utf-8'?><m:page id='7fc3a003-1735-45e2-81e4-2fb290cf9bd2' xmlns='http://www.w3.org/1999/xhtml' title='Edit Training Event' cancelChangesOperationId='bTds2JZk8ECtxU3kG4hLAw' xmlns:m='http://schemas.mendix.com/forms/1.0'><m:parameters>["TrainingEvent"]</m:parameters><m:layouts><m:layout path='Atlas_Core/PopupLayout.layout.xml'></m:layout></m:layouts><m:arguments><m:argument parameterName='1f869e80-cebc-4255-93be-cb47447ba548'><div data-mendix-id='11.MyFirstModule.TrainingEvent_NewEdit.layoutGrid1' data-mendix-type='mxui.widget.ReactWidgetWrapper' data-mendix-props='"widgetTree":[{"$widgetId":"11.MyFirstModule.TrainingEvent_NewEdit.layoutGrid1","widget":"Div","props":{"class":"mx-name-layoutGrid1 mx-layoutgrid mx-layoutgrid-fluid container-fluid","content":[{"$widgetId":"11.MyFirstModule.TrainingEvent_NewEdit.layoutGrid1$row0","widget":"Div","props":{"class":"row","content":[{"$widgetId":"11.MyFirstModule.TrainingEvent_NewEdit.layoutGrid1$row0$column0","widget":"Div","props":{"class":"col-lg col-md col","content":[{"$widgetId":"11.MyFirstModule.TrainingEvent_NewEdit.dataView6","widget":"DataView","props":{"class":"mx-name-dataView6 form-vertical","object":{"$type":"AssociationObjectProperty","dataSourceId":"11.16","scope":"$TrainingEvent","editable":true},"emptyMessage":{"$type":"TextProperty","value":""},"body":[{"$widgetId":"11.MyFirstModule.TrainingEvent_NewEdit.referenceSelector1$formGroup","widget":"FormGroup","props":{"class":"mx-name-referenceSelector1 mx-referenceselector","control":[{"$widgetId":"11.MyFirstModule.TrainingEvent_NewEdit.referenceSelector1","widget":"ReferenceSelector","props":{"valueOptions":{"$type":"DatabaseObjectListProperty","dataSourceId":"11.1","entity":"MyFirstModule.Course","scope":"11.MyFirstModule.TrainingEvent_NewEdit.dataView6","fetchOnlyWithAllParams":true,"queryId":"5UfbfpFcZkebcuieOE8ruQ","sort":[["Title","asc"]]},"value":{"$type":"AssociationProperty","type":"Reference","entity":"MyFirstModule.TrainingEvent","path":"","attribute":"MyFirstModule.TrainingEvent_Course","endpointEntity":"MyFirstModule.Course","selectableObjectsId":"11.1","scope":"11.MyFirstModule.TrainingEvent_NewEdit.dataView6","validation":null,"onChange":{"type":"callMicroflow","argMap":{"TrainingEvent":{"widget":"11.MyFirstModule.TrainingEvent_NewEdit.dataView6","source":"object"}},"config":{"operationId":"k7JFSMhKt0WCAEBZwAiUiA","validate":"view","allowedRoles":["Administrator"]},"disabledDuringExecution":false}},"readOnlyStyle":"control","attribute":{"$type":"ListAttributeProperty","path":"","entity":"MyFirstModule.Course","attribute":"Title","attributeType":"String","sortable":true,"filterable":true,"dataSourceId":"11.1","formatting":{}},"id":{"$type":"DerivedUniqueIdProperty","widgetId":"11.MyFirstModule.TrainingEvent_NewEdit.referenceSelector1"}}}],"caption":{"$type":"ExpressionProperty","expression":{"expr":{"type":"literal","value":"Course"},"args":{}}},"labelFor":{"$type":"DerivedUniqueIdProperty","widgetId":"11.MyFirstModule.TrainingEvent_NewEdit.referenceSelector1"},"orientation":"vertical","hasError":{"$type":"ValidationProperty","inputWidgetId":"11.MyFirstModule.TrainingEvent_NewEdit.referenceSelector1"}}},{"$widgetId":"11.MyFirstModule.TrainingEvent_NewEdit.datePicker1$formGroup","widget":"FormGroup","props":{"class":"mx-name-datePicker1 mx-datepicker","control":[{"$widgetId":"11.MyFirstModule.TrainingEvent_NewEdit.datePicker1","widget":"DatePicker","props":{"mode":"date","showCalendarButton":true,"inputValue":{"$type":"AttributeProperty","scope":"11.MyFirstModule.TrainingEvent_NewEdit.dataView6","path":"","entity":"MyFirstModule.TrainingEvent","attribute":"StartDate","onChange":{"type":"callMicroflow","argMap":{"TrainingEvent":{"widget":"11.MyFirstModule.TrainingEvent_NewEdit.dataView6","source":"object"}},"config":{"operationId":"LU5OFPT1ekeHgaMuE5QTdw","validate":"view","allowedRoles":["Administrator"]},"disabledDuringExecution":false},"validation":null,"formatting":{"dateFormat":{"type":"date"}}},"placeholder":{"$type":"TextProperty","value":""},"buttonLabel":{"$type":"TextProperty","value":"Show date picker"},"readOnlyStyle":"control","onEnter":null,"onLeave":null,"id":{"$type":"DerivedUniqueIdProperty","widgetId":"11.MyFirstModule.TrainingEvent_NewEdit.datePicker1"}}}],"caption":{"$type":"ExpressionProperty","expression":{"expr":{"type":"literal","value":"Start date"},"args":{}}},"labelFor":{"$type":"DerivedUniqueIdProperty","widgetId":"11.MyFirstModule.TrainingEvent_NewEdit.datePicker1"},"orientation":"vertical","hasError":{"$type":"ValidationProperty","inputWidgetId":"11.MyFirstModule.TrainingEvent_NewEdit.datePicker1"}}},{"$widgetId":"11.MyFirstModule.TrainingEvent_NewEdit.datePicker2$formGroup","widget":"FormGroup","props":{"class":"mx-name-datePicker2 mx-datepicker","control":[{"$widgetId":"11.MyFirstModule.TrainingEvent_NewEdit.datePicker2","widget":"DatePicker","props":{"mode":"date","showCalendarButton":true,"inputValue":{"$type":"AttributeProperty","scope":"11.MyFirstModule.TrainingEvent_NewEdit.dataView6","path":"","entity":"MyFirstModule.TrainingEvent","attribute":"EndDate","onChange":{"type":"doNothing","argMap":{},"config":{},"disabledDuringExecution":false},"validation":null,"formatting":{"dateFormat":{"type":"date"}}},"placeholder":{"$type":"TextProperty","value":""},"buttonLabel":{"$type":"TextProperty","value":"Show date picker"},"readOnlyStyle":"control","onEnter":null,"onLeave":null,"id":{"$type":"DerivedUniqueIdProperty","widgetId":"11.MyFirstModule.TrainingEvent_NewEdit.datePicker2"}}}],"caption":{"$type":"ExpressionProperty","expression":{"expr":{"type":"literal","value":"End date"},"args":{}}},"labelFor":{"$type":"DerivedUniqueIdProperty","widgetId":"11.MyFirstModule.TrainingEvent_NewEdit.datePicker2"},"orientation":"vertical","hasError":{"$type":"ValidationProperty","inputWidgetId":"11.MyFirstModule.TrainingEvent_NewEdit.datePicker2"}}},{"$widgetId":"11.MyFirstModule.TrainingEvent_NewEdit.referenceSelector2$formGroup","widget":"FormGroup","props":{"class":"mx-name-referenceSelector2 mx-referenceselector","control":[{"$widgetId":"11.MyFirstModule.TrainingEvent_NewEdit.referenceSelector2","widget":"ReferenceSelector","props":{"valueOptions":{"$type":"DatabaseObjectListProperty","dataSourceId":"11.2","entity":"MyFirstModule.Location","scope":"11.MyFirstModule.TrainingEvent_NewEdit.dataView6","fetchOnlyWithAllParams":true,"queryId":"xIRBz0WxU0yz9mqbRyO3Vg","sort":[["Name","asc"]]},"value":{"$type":"AssociationProperty","type":"Reference","entity":"MyFirstModule.TrainingEvent","path":"","attribute":"MyFirstModule.TrainingEvent_Location","endpointEntity":"MyFirstModule.Location","selectableObjectsId":"11.2","scope":"11.MyFirstModule.TrainingEvent_NewEdit.dataView6","validation":null,"onChange":{"type":"doNothing","argMap":{},"config":{},"disabledDuringExecution":false}},"readOnlyStyle":"control","attribute":{"$type":"ListAttributeProperty","path":"","entity":"MyFirstModule.Location","attribute":"Name","attributeType":"String","sortable":true,"filterable":true,"dataSourceId":"11.2","formatting":{}},"id":{"$type":"DerivedUniqueIdProperty","widgetId":"11.MyFirstModule.TrainingEvent_NewEdit.referenceSelector2"}}}],"caption":{"$type":"ExpressionProperty","expression":{"expr":{"type":"literal","value":"Location"},"args":{}}},"labelFor":{"$type":"DerivedUniqueIdProperty","widgetId":"11.MyFirstModule.TrainingEvent_NewEdit.referenceSelector2"},"orientation":"vertical","hasError":{"$type":"ValidationProperty","inputWidgetId":"11.MyFirstModule.TrainingEvent_NewEdit.referenceSelector2"}}},{"$widgetId":"11.MyFirstModule.TrainingEvent_NewEdit.referenceSelector3$formGroup","widget":"FormGroup","props":{"class":"mx-name-referenceSelector3 mx-referenceselector","control":[{"$widgetId":"11.MyFirstModule.TrainingEvent_NewEdit.referenceSelector3","widget":"ReferenceSelector","props":{"valueOptions":{"$type":"DatabaseObjectListProperty","dataSourceId":"11.3","entity":"MyFirstModule.Teacher","scope":"11.MyFirstModule.TrainingEvent_NewEdit.dataView6","fetchOnlyWithAllParams":true,"queryId":"H3bOsj4oUEKWYjmp9LIE0Q","sort":[["Name","asc"]]},"value":{"$type":"AssociationProperty","type":"Reference","entity":"MyFirstModule.TrainingEvent","path":"","attribute":"MyFirstModule.TrainingEvent_Teacher","endpointEntity":"MyFirstModule.Teacher","selectableObjectsId":"11.3","scope":"11.MyFirstModule.TrainingEvent_NewEdit.dataView6","validation":null,"onChange":{"type":"doNothing","argMap":{},"config":{},"disabledDuringExecution":false}},"readOnlyStyle":"control","attribute":{"$type":"ListAttributeProperty","path":"","entity":"MyFirstModule.Teacher","attribute":"Name","attributeType":"String","sortable":true,"filterable":true,"dataSourceId":"11.3","formatting":{}},"id":{"$type":"DerivedUniqueIdProperty","widgetId":"11.MyFirstModule.TrainingEvent_NewEdit.referenceSelector3"}}}],"caption":{"$type":"ExpressionProperty","expression":{"expr":{"type":"literal","value":"Teacher"},"args":{}}},"labelFor":{"$type":"DerivedUniqueIdProperty","widgetId":"11.MyFirstModule.TrainingEvent_NewEdit.referenceSelector3"},"orientation":"vertical","hasError":{"$type":"ValidationProperty","inputWidgetId":"11.MyFirstModule.TrainingEvent_NewEdit.referenceSelector3"}}}],"hideFooter":false,"footer":[{"$widgetId":"11.MyFirstModule.TrainingEvent_NewEdit.actionButton1$visibility","widget":"ConditionalVisibilityWrapper","props":{"visible":{"$type":"ExpressionProperty","expression":{"expr":{"type":"function","name":"_hasSomeRole","parameters":[{"type":"literal","value":"Administrator"}]},"args":{}}},"contents":[{"$widgetId":"11.MyFirstModule.TrainingEvent_NewEdit.actionButton1","widget":"ActionButton","props":{"buttonId":"11.MyFirstModule.TrainingEvent_NewEdit.actionButton1","class":"mx-name-actionButton1","renderType":"button","buttonClass":"btn-primary","caption":{"$type":"ExpressionProperty","expression":{"expr":{"type":"literal","value":"Save"},"args":{}}},"tooltip":{"$type":"TextProperty","value":""},"action":{"$type":"ActionProperty","action":{"type":"callMicroflow","argMap":{"TrainingEvent":{"widget":"$TrainingEvent","source":"object"}},"config":{"operationId":"fvmQtOKXyUCoRWiguJPd1g","validate":"view","allowedRoles":["Administrator"]},"disabledDuringExecution":true},"abortOnServerValidation":true}}}]}},{"$widgetId":"11.MyFirstModule.TrainingEvent_NewEdit.actionButton2","widget":"ActionButton","props":{"buttonId":"11.MyFirstModule.TrainingEvent_NewEdit.actionButton2","class":"mx-name-actionButton2","renderType":"button","buttonClass":"btn-default","caption":{"$type":"ExpressionProperty","expression":{"expr":{"type":"literal","value":"Cancel"},"args":{}}},"tooltip":{"$type":"TextProperty","value":""},"action":{"$type":"ActionProperty","action":{"type":"cancelChanges","argMap":{},"config":{"operationId":"Hm9XVxreQkCk46n8KVKArQ","closePage":true},"disabledDuringExecution":true},"abortOnServerValidation":true}}}]}}]}}]}}]}}],"listenTargets":[]'></div></m:argument></m:arguments></m:page>