﻿<?xml version='1.0' encoding='utf-8'?><m:page id='6a6708a0-0ee3-4b30-bc0f-798613632663' xmlns='http://www.w3.org/1999/xhtml' title='Training event Registration Overview' cancelChangesOperationId='eXaVp9Bnzky7Z4HrOvpMkg' xmlns:m='http://schemas.mendix.com/forms/1.0'><m:parameters>["TrainingEvent"]</m:parameters><m:layouts><m:layout path='Atlas_Core/PopupLayout.layout.xml'></m:layout></m:layouts><m:arguments><m:argument parameterName='1f869e80-cebc-4255-93be-cb47447ba548'><div data-mendix-id='18.MyFirstModule.TrainingEvent_Registration_Overview.layoutGrid1' data-mendix-type='mxui.widget.ReactWidgetWrapper' data-mendix-props='"widgetTree":[{"$widgetId":"18.MyFirstModule.TrainingEvent_Registration_Overview.layoutGrid1","widget":"Div","props":{"class":"mx-name-layoutGrid1 mx-layoutgrid mx-layoutgrid-fluid container-fluid","content":[{"$widgetId":"18.MyFirstModule.TrainingEvent_Registration_Overview.layoutGrid1$row0","widget":"Div","props":{"class":"row","content":[{"$widgetId":"18.MyFirstModule.TrainingEvent_Registration_Overview.layoutGrid1$row0$column0","widget":"Div","props":{"class":"col-lg-12 col-md-12 col-12","content":[{"$widgetId":"18.MyFirstModule.TrainingEvent_Registration_Overview.dataView1","widget":"DataView","props":{"class":"mx-name-dataView1 form-horizontal","object":{"$type":"AssociationObjectProperty","dataSourceId":"18.14","scope":"$TrainingEvent","editable":true},"emptyMessage":{"$type":"TextProperty","value":""},"body":[{"$widgetId":"18.MyFirstModule.TrainingEvent_Registration_Overview.container1","widget":"Container","props":{"class":"mx-name-container1 pageheader spacing-outer-bottom-large","renderMode":"div","onClick":null,"content":[{"$widgetId":"18.MyFirstModule.TrainingEvent_Registration_Overview.actionButton4","widget":"ActionButton","props":{"buttonId":"18.MyFirstModule.TrainingEvent_Registration_Overview.actionButton4","class":"mx-name-actionButton4 link-back spacing-outer-bottom-medium","renderType":"link","role":"link","buttonClass":"btn-default","caption":{"$type":"ExpressionProperty","expression":{"expr":{"type":"literal","value":"Back"},"args":{}}},"tooltip":{"$type":"TextProperty","value":""},"icon":{"$type":"IconProperty","icon":{"type":"glyph","iconClass":"glyphicon-menu-left"}},"action":null}},{"$widgetId":"18.MyFirstModule.TrainingEvent_Registration_Overview.layoutGrid2","widget":"Div","props":{"class":"mx-name-layoutGrid2 mx-layoutgrid mx-layoutgrid-fluid pageheader","content":[{"$widgetId":"18.MyFirstModule.TrainingEvent_Registration_Overview.layoutGrid2$row0","widget":"Div","props":{"class":"row","content":[{"$widgetId":"18.MyFirstModule.TrainingEvent_Registration_Overview.layoutGrid2$row0$column0","widget":"Div","props":{"class":"col-lg col-md col","content":[{"$widgetId":"18.MyFirstModule.TrainingEvent_Registration_Overview.text40","widget":"Text","props":{"class":"mx-name-text40 pageheader-title spacing-outer-bottom","caption":{"$type":"ExpressionProperty","expression":{"expr":{"type":"function","name":"+","parameters":[{"type":"function","name":"+","parameters":[{"type":"function","name":"+","parameters":[{"type":"literal","value":"Registrations for the "},{"type":"variable","variable":"currentObject","path":"MyFirstModule.TrainingEvent_Course/MyFirstModule.Course/Title"}]},{"type":"literal","value":" on "}]},{"type":"function","name":"_format","parameters":[{"type":"variable","variable":"currentObject","path":"StartDate"},{"type":"literal","value":"{\"type\":\"date\"}"}]}]},"args":{"currentObject":"18.MyFirstModule.TrainingEvent_Registration_Overview.dataView1"}}},"renderMode":"h1"}},{"$widgetId":"18.MyFirstModule.TrainingEvent_Registration_Overview.text39","widget":"Text","props":{"class":"mx-name-text39 pageheader-subtitle text-detail spacing-outer-bottom-none","caption":{"$type":"ExpressionProperty","expression":{"expr":{"type":"literal","value":"Supporting text"},"args":{}}},"renderMode":"p"}}]}},{"$widgetId":"18.MyFirstModule.TrainingEvent_Registration_Overview.layoutGrid2$row0$column1","widget":"Div","props":{"class":"col-lg-auto col-md-auto col-auto","content":[{"$widgetId":"18.MyFirstModule.TrainingEvent_Registration_Overview.actionButton2$visibility","widget":"ConditionalVisibilityWrapper","props":{"visible":{"$type":"ExpressionProperty","expression":{"expr":{"type":"function","name":"_hasSomeRole","parameters":[{"type":"literal","value":"Administrator"}]},"args":{}}},"contents":[{"$widgetId":"18.MyFirstModule.TrainingEvent_Registration_Overview.actionButton2","widget":"ActionButton","props":{"buttonId":"18.MyFirstModule.TrainingEvent_Registration_Overview.actionButton2","class":"mx-name-actionButton2","renderType":"button","buttonClass":"btn-primary","caption":{"$type":"ExpressionProperty","expression":{"expr":{"type":"literal","value":"Add"},"args":{}}},"tooltip":{"$type":"TextProperty","value":""},"action":{"$type":"ActionProperty","action":{"type":"createObject","argMap":{"$object":{"widget":"$TrainingEvent","source":"object"}},"config":{"association":"MyFirstModule.Registration_TrainingEvent","entity":"MyFirstModule.Registration","operationId":"Znz9ffJIhUysUfAzbKPY3g","pageSettings":{"name":"MyFirstModule/Registration_NewEdit.page.xml","location":"modal","resizable":true,"allowedRoles":["Administrator"]},"allowedRoles":["Administrator"],"objectParameter":"param$Registration"},"disabledDuringExecution":true},"abortOnServerValidation":true}}}]}}]}}]}},{"$widgetId":"18.MyFirstModule.TrainingEvent_Registration_Overview.layoutGrid2$row1","widget":"Div","props":{"class":"row","content":[{"$widgetId":"18.MyFirstModule.TrainingEvent_Registration_Overview.layoutGrid2$row1$column0","widget":"Div","props":{"class":"col-lg col-md col","content":[{"$widgetId":"18.MyFirstModule.TrainingEvent_Registration_Overview.listView1","widget":"ListView","props":{"class":"mx-name-listView1","listValue":{"$type":"DatabaseObjectListProperty","dataSourceId":"18.5","entity":"MyFirstModule.Registration","scope":"18.MyFirstModule.TrainingEvent_Registration_Overview.dataView1","queryId":"ilx0gQFasUydrIrJkSPm6A","sort":[],"arguments":{"currentObject":["$TrainingEvent"],"CurrentObject":["$TrainingEvent"]},"constraints":{"type":"function","name":"=","parameters":[{"type":"attribute","attribute":"MyFirstModule.Registration_TrainingEvent","attributeType":"ObjectReference"},{"type":"variable","name":"currentObject"}]}},"itemTemplate":{"dataSourceId":"18.5","$template":[{"$widgetId":"18.MyFirstModule.TrainingEvent_Registration_Overview.text1","widget":"Text","props":{"class":"mx-name-text1","caption":{"$type":"ExpressionProperty","expression":{"expr":{"type":"function","name":"+","parameters":[{"type":"function","name":"+","parameters":[{"type":"function","name":"+","parameters":[{"type":"function","name":"+","parameters":[{"type":"function","name":"+","parameters":[{"type":"function","name":"+","parameters":[{"type":"literal","value":"Name: "},{"type":"variable","variable":"currentObject","path":"MyFirstModule.Registration_Trainee/MyFirstModule.Trainee/Name"}]},{"type":"literal","value":"\r\nRegistration number: "}]},{"type":"function","name":"_format","parameters":[{"type":"variable","variable":"currentObject","path":"Number"},{"type":"literal","value":"{}"}]}]},{"type":"literal","value":"\r\nDate registered: "}]},{"type":"function","name":"_format","parameters":[{"type":"variable","variable":"currentObject","path":"Date"},{"type":"literal","value":"{\"type\":\"date\"}"}]}]},{"type":"literal","value":"\r\n"}]},"args":{"currentObject":"18.MyFirstModule.TrainingEvent_Registration_Overview.listView1"}}},"renderMode":"span"}}],"editable":false},"onClick":{"$type":"ListActionProperty","action":{"type":"openPage","argMap":{"param$Registration":{"widget":"18.MyFirstModule.TrainingEvent_Registration_Overview.listView1","source":"object"}},"config":{"name":"MyFirstModule/Registration_NewEdit.page.xml","location":"modal","resizable":true,"allowedRoles":["Administrator"]},"disabledDuringExecution":true},"abortOnServerValidation":false,"dataSourceId":"18.5"},"pageSize":10}}]}}]}}]}}],"ariaHidden":false}}],"hideFooter":true,"footer":null}}]}}]}}]}}],"listenTargets":[]'></div></m:argument></m:arguments></m:page>