﻿<?xml version='1.0' encoding='utf-8'?><m:page id='df12c8eb-2939-414f-a45d-9e0f29f5a585' xmlns='http://www.w3.org/1999/xhtml' title='Training event Overview' cancelChangesOperationId='Vu3jHPQl50G93qmYAic66Q' xmlns:m='http://schemas.mendix.com/forms/1.0'><m:parameters>[]</m:parameters><m:layouts><m:layout path='Atlas_Core/PopupLayout.layout.xml'></m:layout></m:layouts><m:arguments><m:argument parameterName='1f869e80-cebc-4255-93be-cb47447ba548'><div data-mendix-id='21.MyFirstModule.TrainingEvent_Overview.layoutGrid2' data-mendix-type='mxui.widget.ReactWidgetWrapper' data-mendix-props='"widgetTree":[{"$widgetId":"21.MyFirstModule.TrainingEvent_Overview.layoutGrid2","widget":"Div","props":{"class":"mx-name-layoutGrid2 mx-layoutgrid mx-layoutgrid-fluid container-fluid","content":[{"$widgetId":"21.MyFirstModule.TrainingEvent_Overview.layoutGrid2$row0","widget":"Div","props":{"class":"row","content":[{"$widgetId":"21.MyFirstModule.TrainingEvent_Overview.layoutGrid2$row0$column0","widget":"Div","props":{"class":"col-lg col-md col","content":[{"$widgetId":"21.MyFirstModule.TrainingEvent_Overview.container1","widget":"Container","props":{"class":"mx-name-container1 pageheader spacing-outer-bottom-large","renderMode":"div","onClick":null,"content":[{"$widgetId":"21.MyFirstModule.TrainingEvent_Overview.text40","widget":"Text","props":{"class":"mx-name-text40 pageheader-title spacing-outer-bottom","caption":{"$type":"ExpressionProperty","expression":{"expr":{"type":"literal","value":"Training Events"},"args":{}}},"renderMode":"h1"}},{"$widgetId":"21.MyFirstModule.TrainingEvent_Overview.text39","widget":"Text","props":{"class":"mx-name-text39 pageheader-subtitle text-detail spacing-outer-bottom-none","caption":{"$type":"ExpressionProperty","expression":{"expr":{"type":"literal","value":"Supporting text"},"args":{}}},"renderMode":"p"}}],"ariaHidden":false}}]}},{"$widgetId":"21.MyFirstModule.TrainingEvent_Overview.layoutGrid2$row0$column1","widget":"Div","props":{"class":"col-lg-auto col-md-auto col-auto","content":[{"$widgetId":"21.MyFirstModule.TrainingEvent_Overview.actionButton1$visibility","widget":"ConditionalVisibilityWrapper","props":{"visible":{"$type":"ExpressionProperty","expression":{"expr":{"type":"function","name":"_hasSomeRole","parameters":[{"type":"literal","value":"Administrator"}]},"args":{}}},"contents":[{"$widgetId":"21.MyFirstModule.TrainingEvent_Overview.actionButton1","widget":"ActionButton","props":{"buttonId":"21.MyFirstModule.TrainingEvent_Overview.actionButton1","class":"mx-name-actionButton1","renderType":"button","buttonClass":"btn-success","caption":{"$type":"ExpressionProperty","expression":{"expr":{"type":"literal","value":"Add"},"args":{}}},"tooltip":{"$type":"TextProperty","value":""},"action":{"$type":"ActionProperty","action":{"type":"createObject","argMap":{},"config":{"entity":"MyFirstModule.TrainingEvent","operationId":"zvwh13UyyEWDDcLPrQ59CA","pageSettings":{"name":"MyFirstModule/TrainingEvent_NewEdit.page.xml","location":"modal","resizable":true,"allowedRoles":["Administrator"]},"allowedRoles":["Administrator"],"objectParameter":"param$TrainingEvent"},"disabledDuringExecution":true},"abortOnServerValidation":true}}}]}}]}}]}},{"$widgetId":"21.MyFirstModule.TrainingEvent_Overview.layoutGrid2$row1","widget":"Div","props":{"class":"row","content":[{"$widgetId":"21.MyFirstModule.TrainingEvent_Overview.layoutGrid2$row1$column0","widget":"Div","props":{"class":"col-lg col-md col","content":[{"$widgetId":"21.MyFirstModule.TrainingEvent_Overview.container2","widget":"Container","props":{"class":"mx-name-container2 background-white","renderMode":"div","onClick":null,"content":[{"$widgetId":"21.MyFirstModule.TrainingEvent_Overview.listView3","widget":"ListView","props":{"class":"mx-name-listView3 listview-lined listview-hover","listValue":{"$type":"DatabaseObjectListProperty","dataSourceId":"21.3","entity":"MyFirstModule.TrainingEvent","queryId":"WgVrQRoBI0eadxcI4KkWTQ","sort":[]},"itemTemplate":{"dataSourceId":"21.3","$template":[{"$widgetId":"21.MyFirstModule.TrainingEvent_Overview.layoutGrid1","widget":"Div","props":{"class":"mx-name-layoutGrid1 mx-layoutgrid mx-layoutgrid-fluid","content":[{"$widgetId":"21.MyFirstModule.TrainingEvent_Overview.layoutGrid1$row0","widget":"Div","props":{"class":"row align-children-center","content":[{"$widgetId":"21.MyFirstModule.TrainingEvent_Overview.layoutGrid1$row0$column0","widget":"Div","props":{"class":"col-lg col-md col","content":[{"$widgetId":"21.MyFirstModule.TrainingEvent_Overview.text10","widget":"Text","props":{"class":"mx-name-text10 spacing-outer-bottom-none","caption":{"$type":"ExpressionProperty","expression":{"expr":{"type":"variable","variable":"currentObject","path":"MyFirstModule.TrainingEvent_Course/MyFirstModule.Course/Title"},"args":{"currentObject":"21.MyFirstModule.TrainingEvent_Overview.listView3"}}},"renderMode":"h4"}},{"$widgetId":"21.MyFirstModule.TrainingEvent_Overview.text41","widget":"Text","props":{"class":"mx-name-text41 spacing-outer-bottom-none","caption":{"$type":"ExpressionProperty","expression":{"expr":{"type":"function","name":"+","parameters":[{"type":"function","name":"+","parameters":[{"type":"function","name":"+","parameters":[{"type":"literal","value":"From "},{"type":"function","name":"_format","parameters":[{"type":"variable","variable":"currentObject","path":"StartDate"},{"type":"literal","value":"{\"type\":\"date\"}"}]}]},{"type":"literal","value":" to "}]},{"type":"function","name":"_format","parameters":[{"type":"variable","variable":"currentObject","path":"EndDate"},{"type":"literal","value":"{\"type\":\"date\"}"}]}]},"args":{"currentObject":"21.MyFirstModule.TrainingEvent_Overview.listView3"}}},"renderMode":"p"}},{"$widgetId":"21.MyFirstModule.TrainingEvent_Overview.text42","widget":"Text","props":{"class":"mx-name-text42 spacing-outer-bottom-none","caption":{"$type":"ExpressionProperty","expression":{"expr":{"type":"function","name":"+","parameters":[{"type":"literal","value":"Hosted by: "},{"type":"variable","variable":"currentObject","path":"MyFirstModule.TrainingEvent_Teacher/MyFirstModule.Teacher/Name"}]},"args":{"currentObject":"21.MyFirstModule.TrainingEvent_Overview.listView3"}}},"renderMode":"p"}},{"$widgetId":"21.MyFirstModule.TrainingEvent_Overview.text43","widget":"Text","props":{"class":"mx-name-text43 spacing-outer-bottom-none","caption":{"$type":"ExpressionProperty","expression":{"expr":{"type":"function","name":"+","parameters":[{"type":"literal","value":"At "},{"type":"variable","variable":"currentObject","path":"MyFirstModule.TrainingEvent_Location/MyFirstModule.Location/Name"}]},"args":{"currentObject":"21.MyFirstModule.TrainingEvent_Overview.listView3"}}},"renderMode":"p"}},{"$widgetId":"21.MyFirstModule.TrainingEvent_Overview.text1$visibility","widget":"ConditionalVisibilityWrapper","props":{"visible":{"$type":"ExpressionProperty","expression":{"expr":{"type":"function","name":"_hasSomeRole","parameters":[{"type":"literal","value":"Administrator"},{"type":"literal","value":"Teacher"}]},"args":{}}},"contents":[{"$widgetId":"21.MyFirstModule.TrainingEvent_Overview.text1","widget":"Text","props":{"class":"mx-name-text1","caption":{"$type":"ExpressionProperty","expression":{"expr":{"type":"function","name":"+","parameters":[{"type":"literal","value":"Number of registrations: \r\n"},{"type":"function","name":"_format","parameters":[{"type":"variable","variable":"currentObject","path":"TotalNumberOfRegistrations"},{"type":"literal","value":"{}"}]}]},"args":{"currentObject":"21.MyFirstModule.TrainingEvent_Overview.listView3"}}},"renderMode":"span"}}]}}]}},{"$widgetId":"21.MyFirstModule.TrainingEvent_Overview.layoutGrid1$row0$column1","widget":"Div","props":{"class":"col-lg-auto col-md-auto col-auto","content":[{"$widgetId":"21.MyFirstModule.TrainingEvent_Overview.actionButton2$visibility","widget":"ConditionalVisibilityWrapper","props":{"visible":{"$type":"ExpressionProperty","expression":{"expr":{"type":"function","name":"_hasSomeRole","parameters":[{"type":"literal","value":"Administrator"},{"type":"literal","value":"Teacher"}]},"args":{}}},"contents":[{"$widgetId":"21.MyFirstModule.TrainingEvent_Overview.actionButton2","widget":"ActionButton","props":{"buttonId":"21.MyFirstModule.TrainingEvent_Overview.actionButton2","class":"mx-name-actionButton2","renderType":"button","buttonClass":"btn-info","caption":{"$type":"ExpressionProperty","expression":{"expr":{"type":"literal","value":"Registrations"},"args":{}}},"tooltip":{"$type":"TextProperty","value":""},"action":{"$type":"ActionProperty","action":{"type":"openPage","argMap":{"param$TrainingEvent":{"widget":"21.MyFirstModule.TrainingEvent_Overview.listView3","source":"object"}},"config":{"name":"MyFirstModule/TrainingEvent_Registration_Overview.page.xml","location":"modal","resizable":true,"allowedRoles":["Administrator","Teacher"]},"disabledDuringExecution":true},"abortOnServerValidation":true}}}]}},{"$widgetId":"21.MyFirstModule.TrainingEvent_Overview.actionButton4$visibility","widget":"ConditionalVisibilityWrapper","props":{"visible":{"$type":"ExpressionProperty","expression":{"expr":{"type":"function","name":"_hasSomeRole","parameters":[{"type":"literal","value":"Administrator"}]},"args":{}}},"contents":[{"$widgetId":"21.MyFirstModule.TrainingEvent_Overview.actionButton4","widget":"ActionButton","props":{"buttonId":"21.MyFirstModule.TrainingEvent_Overview.actionButton4","class":"mx-name-actionButton4","renderType":"link","role":"button","buttonClass":"btn-default","caption":{"$type":"ExpressionProperty","expression":{"expr":{"type":"literal","value":""},"args":{}}},"tooltip":{"$type":"TextProperty","value":"Menu Right Icon"},"icon":{"$type":"IconProperty","icon":{"type":"glyph","iconClass":"glyphicon-menu-right"}},"action":{"$type":"ActionProperty","action":{"type":"openPage","argMap":{"param$TrainingEvent":{"widget":"21.MyFirstModule.TrainingEvent_Overview.listView3","source":"object"}},"config":{"name":"MyFirstModule/TrainingEvent_NewEdit.page.xml","location":"modal","resizable":true,"allowedRoles":["Administrator"]},"disabledDuringExecution":true},"abortOnServerValidation":true}}}]}},{"$widgetId":"21.MyFirstModule.TrainingEvent_Overview.actionButton3$visibility","widget":"ConditionalVisibilityWrapper","props":{"visible":{"$type":"ExpressionProperty","expression":{"expr":{"type":"function","name":"_hasSomeRole","parameters":[{"type":"literal","value":"Administrator"}]},"args":{}}},"contents":[{"$widgetId":"21.MyFirstModule.TrainingEvent_Overview.actionButton3","widget":"ActionButton","props":{"buttonId":"21.MyFirstModule.TrainingEvent_Overview.actionButton3","class":"mx-name-actionButton3","renderType":"button","buttonClass":"btn-danger","caption":{"$type":"ExpressionProperty","expression":{"expr":{"type":"literal","value":""},"args":{}}},"tooltip":{"$type":"TextProperty","value":""},"icon":{"$type":"IconProperty","icon":{"type":"glyph","iconClass":"glyphicon-trash"}},"action":{"$type":"ActionProperty","action":{"type":"deleteObject","argMap":{"$object":{"widget":"21.MyFirstModule.TrainingEvent_Overview.listView3","source":"object"}},"config":{"closePage":false,"operationId":"l5bLauk+dEWp33ciXtHCmg"},"disabledDuringExecution":true},"abortOnServerValidation":true}}}]}}]}}]}}]}}],"editable":false},"onClick":null,"pageSize":5}}],"ariaHidden":false}}]}}]}}]}}],"listenTargets":[]'></div></m:argument></m:arguments></m:page>