﻿<?xml version='1.0' encoding='utf-8'?><m:page id='f60145c3-6d03-45cd-80e4-8f859b389eb2' xmlns='http://www.w3.org/1999/xhtml' title='Trainee Overview' class='layout-atlas layout-atlas-responsive-default' cancelChangesOperationId='TZZ+U9CJ00uEuy7gVv4kiQ' xmlns:m='http://schemas.mendix.com/forms/1.0'><m:parameters>[]</m:parameters><m:layouts><m:layout path='Atlas_Core/Atlas_Default.layout.xml'></m:layout></m:layouts><m:arguments><m:argument parameterName='201c5205-50e7-4252-9551-e9ba7790af04'><div data-mendix-id='20.MyFirstModule.Trainee_Overview.layoutGrid2' data-mendix-type='mxui.widget.ReactWidgetWrapper' data-mendix-props='"widgetTree":[{"$widgetId":"20.MyFirstModule.Trainee_Overview.layoutGrid2","widget":"Div","props":{"class":"mx-name-layoutGrid2 mx-layoutgrid mx-layoutgrid-fluid container-fluid","content":[{"$widgetId":"20.MyFirstModule.Trainee_Overview.layoutGrid2$row0","widget":"Div","props":{"class":"row","content":[{"$widgetId":"20.MyFirstModule.Trainee_Overview.layoutGrid2$row0$column0","widget":"Div","props":{"class":"col-lg col-md col","content":[{"$widgetId":"20.MyFirstModule.Trainee_Overview.container1","widget":"Container","props":{"class":"mx-name-container1 pageheader spacing-outer-bottom-large","renderMode":"div","onClick":null,"content":[{"$widgetId":"20.MyFirstModule.Trainee_Overview.text40","widget":"Text","props":{"class":"mx-name-text40 pageheader-title spacing-outer-bottom","caption":{"$type":"ExpressionProperty","expression":{"expr":{"type":"literal","value":"Trainee Overview"},"args":{}}},"renderMode":"h1"}},{"$widgetId":"20.MyFirstModule.Trainee_Overview.text39","widget":"Text","props":{"class":"mx-name-text39 pageheader-subtitle text-detail spacing-outer-bottom-none","caption":{"$type":"ExpressionProperty","expression":{"expr":{"type":"literal","value":"Supporting text"},"args":{}}},"renderMode":"p"}}],"ariaHidden":false}}]}},{"$widgetId":"20.MyFirstModule.Trainee_Overview.layoutGrid2$row0$column1","widget":"Div","props":{"class":"col-lg-auto col-md-auto col-auto","content":[{"$widgetId":"20.MyFirstModule.Trainee_Overview.actionButton1$visibility","widget":"ConditionalVisibilityWrapper","props":{"visible":{"$type":"ExpressionProperty","expression":{"expr":{"type":"function","name":"_hasSomeRole","parameters":[{"type":"literal","value":"Administrator"}]},"args":{}}},"contents":[{"$widgetId":"20.MyFirstModule.Trainee_Overview.actionButton1","widget":"ActionButton","props":{"buttonId":"20.MyFirstModule.Trainee_Overview.actionButton1","class":"mx-name-actionButton1","renderType":"button","buttonClass":"btn-success","caption":{"$type":"ExpressionProperty","expression":{"expr":{"type":"literal","value":"Add"},"args":{}}},"tooltip":{"$type":"TextProperty","value":""},"action":{"$type":"ActionProperty","action":{"type":"createObject","argMap":{},"config":{"entity":"MyFirstModule.Trainee","operationId":"HFC5IwE59UO9wFCUilwJ1g","pageSettings":{"name":"MyFirstModule/Trainee_NewEdit.page.xml","location":"modal","resizable":true,"allowedRoles":["Administrator"]},"allowedRoles":["Administrator"],"objectParameter":"param$Trainee"},"disabledDuringExecution":true},"abortOnServerValidation":true}}}]}}]}}]}},{"$widgetId":"20.MyFirstModule.Trainee_Overview.layoutGrid2$row1","widget":"Div","props":{"class":"row","content":[{"$widgetId":"20.MyFirstModule.Trainee_Overview.layoutGrid2$row1$column0","widget":"Div","props":{"class":"col-lg col-md col","content":[{"$widgetId":"20.MyFirstModule.Trainee_Overview.container2","widget":"Container","props":{"class":"mx-name-container2 background-white","renderMode":"div","onClick":null,"content":[{"$widgetId":"20.MyFirstModule.Trainee_Overview.listView3","widget":"ListView","props":{"class":"mx-name-listView3 listview-lined listview-hover","listValue":{"$type":"DatabaseObjectListProperty","dataSourceId":"20.3","entity":"MyFirstModule.Trainee","queryId":"+EWRAeNpr0SIzW7uxcD7mA","sort":[]},"itemTemplate":{"dataSourceId":"20.3","$template":[{"$widgetId":"20.MyFirstModule.Trainee_Overview.layoutGrid1","widget":"Div","props":{"class":"mx-name-layoutGrid1 mx-layoutgrid mx-layoutgrid-fluid","content":[{"$widgetId":"20.MyFirstModule.Trainee_Overview.layoutGrid1$row0","widget":"Div","props":{"class":"row align-children-center","content":[{"$widgetId":"20.MyFirstModule.Trainee_Overview.layoutGrid1$row0$column0","widget":"Div","props":{"class":"col-lg col-md col","content":[{"$widgetId":"20.MyFirstModule.Trainee_Overview.text10","widget":"Text","props":{"class":"mx-name-text10 spacing-outer-bottom-none","caption":{"$type":"ExpressionProperty","expression":{"expr":{"type":"variable","variable":"currentObject","path":"Name"},"args":{"currentObject":"20.MyFirstModule.Trainee_Overview.listView3"}}},"renderMode":"h4"}},{"$widgetId":"20.MyFirstModule.Trainee_Overview.text42","widget":"Text","props":{"class":"mx-name-text42 spacing-outer-bottom-none","caption":{"$type":"ExpressionProperty","expression":{"expr":{"type":"variable","variable":"currentObject","path":"EmailAddress"},"args":{"currentObject":"20.MyFirstModule.Trainee_Overview.listView3"}}},"renderMode":"p"}},{"$widgetId":"20.MyFirstModule.Trainee_Overview.text41","widget":"Text","props":{"class":"mx-name-text41 spacing-outer-bottom-none","caption":{"$type":"ExpressionProperty","expression":{"expr":{"type":"variable","variable":"currentObject","path":"Address"},"args":{"currentObject":"20.MyFirstModule.Trainee_Overview.listView3"}}},"renderMode":"p"}}]}},{"$widgetId":"20.MyFirstModule.Trainee_Overview.layoutGrid1$row0$column1","widget":"Div","props":{"class":"col-lg-auto col-md-auto col-auto","content":[{"$widgetId":"20.MyFirstModule.Trainee_Overview.actionButton4$visibility","widget":"ConditionalVisibilityWrapper","props":{"visible":{"$type":"ExpressionProperty","expression":{"expr":{"type":"function","name":"_hasSomeRole","parameters":[{"type":"literal","value":"Administrator"}]},"args":{}}},"contents":[{"$widgetId":"20.MyFirstModule.Trainee_Overview.actionButton4","widget":"ActionButton","props":{"buttonId":"20.MyFirstModule.Trainee_Overview.actionButton4","class":"mx-name-actionButton4","renderType":"link","role":"button","buttonClass":"btn-default","caption":{"$type":"ExpressionProperty","expression":{"expr":{"type":"literal","value":""},"args":{}}},"tooltip":{"$type":"TextProperty","value":"Menu Right Icon"},"icon":{"$type":"IconProperty","icon":{"type":"glyph","iconClass":"glyphicon-menu-right"}},"action":{"$type":"ActionProperty","action":{"type":"openPage","argMap":{"param$Trainee":{"widget":"20.MyFirstModule.Trainee_Overview.listView3","source":"object"}},"config":{"name":"MyFirstModule/Trainee_NewEdit.page.xml","location":"modal","resizable":true,"allowedRoles":["Administrator"]},"disabledDuringExecution":true},"abortOnServerValidation":true}}}]}},{"$widgetId":"20.MyFirstModule.Trainee_Overview.actionButton2$visibility","widget":"ConditionalVisibilityWrapper","props":{"visible":{"$type":"ExpressionProperty","expression":{"expr":{"type":"function","name":"_hasSomeRole","parameters":[{"type":"literal","value":"Administrator"}]},"args":{}}},"contents":[{"$widgetId":"20.MyFirstModule.Trainee_Overview.actionButton2","widget":"ActionButton","props":{"buttonId":"20.MyFirstModule.Trainee_Overview.actionButton2","class":"mx-name-actionButton2","renderType":"button","buttonClass":"btn-danger","caption":{"$type":"ExpressionProperty","expression":{"expr":{"type":"literal","value":""},"args":{}}},"tooltip":{"$type":"TextProperty","value":""},"icon":{"$type":"IconProperty","icon":{"type":"glyph","iconClass":"glyphicon-trash"}},"action":{"$type":"ActionProperty","action":{"type":"deleteObject","argMap":{"$object":{"widget":"20.MyFirstModule.Trainee_Overview.listView3","source":"object"}},"config":{"closePage":true,"operationId":"9ehqIUsUCkmzC+OJDMy3VA"},"disabledDuringExecution":true},"abortOnServerValidation":true}}}]}}]}}]}}]}}],"editable":false},"onClick":null,"pageSize":5}}],"ariaHidden":false}}]}}]}}]}}],"listenTargets":[]'></div></m:argument></m:arguments></m:page>