{
    "Document": [
        {
            "name": "Spacing top",
            "type": "Dropdown",
            "description": "The spacing above this element.",
            "options": [
                {
                    "name": "Inner small",
                    "class": "spacingInnerTopSmaller"
                },
                {
                    "name": "Inner medium",
                    "class": "spacingInnerTopMedium"
                },
                {
                    "name": "Inner large",
                    "class": "spacingInnerTopLarger"
                }
            ]
        },
        {
            "name": "Spacing bottom",
            "type": "Dropdown",
            "description": "The spacing below this element.",
            "options": [
                {
                    "name": "Inner small",
                    "class": "spacingInnerBottomSmaller"
                },
                {
                    "name": "Inner medium",
                    "class": "spacingInnerBottomMedium"
                },
                {
                    "name": "Inner large",
                    "class": "spacingInnerBottomLarger"
                }
            ]
        },
        {
            "name": "Spacing left",
            "type": "Dropdown",
            "description": "The spacing to the left of this element.",
            "options": [
                {
                    "name": "Inner small",
                    "class": "spacingInnerLeftSmaller"
                },
                {
                    "name": "Inner medium",
                    "class": "spacingInnerLeftMedium"
                },
                {
                    "name": "Inner large",
                    "class": "spacingInnerLeftLarger"
                }
            ]
        },
        {
            "name": "Spacing right",
            "type": "Dropdown",
            "description": "The spacing to the right of this element.",
            "options": [
                {
                    "name": "Inner small",
                    "class": "spacingInnerRightSmaller"
                },
                {
                    "name": "Inner medium",
                    "class": "spacingInnerRightMedium"
                },
                {
                    "name": "Inner large",
                    "class": "spacingInnerRightLarger"
                }
            ]
        },
        {
            "name": "Background color",
            "type": "Dropdown",
            "description": "Change the background color of the container.",
            "options": [
                {
                    "name": "Background Primary",
                    "oldNames": ["Primary"],
                    "class": "backgroundPrimary"
                },
                {
                    "name": "Background Secondary",
                    "oldNames": ["Gray", "Secondary"],
                    "class": "backgroundSecondary"
                },
                {
                    "name": "Brand Primary",
                    "class": "backgroundBrandPrimary"
                },
                {
                    "name": "Brand Success",
                    "class": "backgroundBrandSuccess"
                },
                {
                    "name": "Brand Warning",
                    "class": "backgroundBrandWarning"
                },
                {
                    "name": "Brand Danger",
                    "class": "backgroundBrandDanger"
                },
                {
                    "name": "Brand Info",
                    "class": "backgroundBrandInfo"
                }
            ]
        },
        {
            "name": "Render children horizontal",
            "type": "Toggle",
            "description": "Determines the direction in which children are rendered.",
            "class": "flexRow"
        },
        {
            "name": "Wrap children",
            "type": "Toggle",
            "description": "Determines if children can flow into multiple lines if they hit the end of the container.",
            "class": "flexWrap"
        },
        {
            "name": "Align children",
            "type": "Dropdown",
            "description": "Align children in the opposite direction.",
            "options": [
                {
                    "name": "Start",
                    "class": "alignChildrenStart"
                },
                {
                    "name": "Center",
                    "class": "alignChildrenCenter"
                },
                {
                    "name": "End",
                    "class": "alignChildrenEnd"
                },
                {
                    "name": "Stretch",
                    "class": "alignChildrenStretch"
                },
                {
                    "name": "Baseline",
                    "class": "alignChildrenBaseline"
                }
            ]
        },
        {
            "name": "Justify content",
            "type": "Dropdown",
            "description": "Justify content in the active direction.",
            "options": [
                {
                    "name": "Start",
                    "class": "justifyContentStart"
                },
                {
                    "name": "Center",
                    "class": "justifyContentCenter"
                },
                {
                    "name": "End",
                    "class": "justifyContentEnd"
                },
                {
                    "name": "Space between",
                    "class": "justifyContentSpaceBetween"
                },
                {
                    "name": "Space around",
                    "class": "justifyContentSpaceAround"
                },
                {
                    "name": "Space evenly",
                    "class": "justifyContentSpaceEvenly"
                }
            ]
        }
    ],
    "Page": [
        {
            "name": "Hide header bottom border",
            "type": "Toggle",
            "description": "Hide the bottom border (iOS) and elevation (Android) of the header.",
            "class": "pageHeaderBorderNone"
        }
    ],
    "Widget": [
        {
            "name": "Spacing top",
            "type": "Dropdown",
            "description": "The spacing above this element.",
            "options": [
                {
                    "name": "Smallest",
                    "class": "spacingOuterTopSmallest"
                },
                {
                    "name": "Smaller",
                    "class": "spacingOuterTopSmaller"
                },
                {
                    "name": "Small",
                    "class": "spacingOuterTopSmall"
                },
                {
                    "name": "Medium",
                    "class": "spacingOuterTopMedium"
                },
                {
                    "name": "Large",
                    "class": "spacingOuterTopLarge"
                },
                {
                    "name": "Larger",
                    "class": "spacingOuterTopLarger"
                },
                {
                    "name": "Largest",
                    "class": "spacingOuterTopLargest"
                }
            ]
        },
        {
            "name": "Spacing bottom",
            "type": "Dropdown",
            "description": "The spacing below this element.",
            "options": [
                {
                    "name": "Smallest",
                    "class": "spacingOuterBottomSmallest"
                },
                {
                    "name": "Smaller",
                    "class": "spacingOuterBottomSmaller"
                },
                {
                    "name": "Small",
                    "class": "spacingOuterBottomSmall"
                },
                {
                    "name": "Medium",
                    "class": "spacingOuterBottomMedium"
                },
                {
                    "name": "Large",
                    "class": "spacingOuterBottomLarge"
                },
                {
                    "name": "Larger",
                    "class": "spacingOuterBottomLarger"
                },
                {
                    "name": "Largest",
                    "class": "spacingOuterBottomLargest"
                }
            ]
        },
        {
            "name": "Spacing left",
            "type": "Dropdown",
            "description": "The spacing to the left of this element.",
            "options": [
                {
                    "name": "Smallest",
                    "class": "spacingOuterLeftSmallest"
                },
                {
                    "name": "Smaller",
                    "class": "spacingOuterLeftSmaller"
                },
                {
                    "name": "Small",
                    "class": "spacingOuterLeftSmall"
                },
                {
                    "name": "Medium",
                    "class": "spacingOuterLeftMedium"
                },
                {
                    "name": "Large",
                    "class": "spacingOuterLeftLarge"
                },
                {
                    "name": "Larger",
                    "class": "spacingOuterLeftLarger"
                },
                {
                    "name": "Largest",
                    "class": "spacingOuterLeftLargest"
                }
            ]
        },
        {
            "name": "Spacing right",
            "type": "Dropdown",
            "description": "The spacing to the right of this element.",
            "options": [
                {
                    "name": "Smallest",
                    "class": "spacingOuterRightSmallest"
                },
                {
                    "name": "Smaller",
                    "class": "spacingOuterRightSmaller"
                },
                {
                    "name": "Small",
                    "class": "spacingOuterRightSmall"
                },
                {
                    "name": "Medium",
                    "class": "spacingOuterRightMedium"
                },
                {
                    "name": "Large",
                    "class": "spacingOuterRightLarge"
                },
                {
                    "name": "Larger",
                    "class": "spacingOuterRightLarger"
                },
                {
                    "name": "Largest",
                    "class": "spacingOuterRightLargest"
                }
            ]
        }
    ],
    "DivContainer": [
        {
            "name": "Spacing top",
            "type": "Dropdown",
            "description": "The spacing above this element.",
            "options": [
                {
                    "name": "Inner small",
                    "class": "spacingInnerTopSmaller"
                },
                {
                    "name": "Inner medium",
                    "class": "spacingInnerTopMedium"
                },
                {
                    "name": "Inner large",
                    "class": "spacingInnerTopLarger"
                },
                {
                    "name": "Outer small",
                    "class": "spacingOuterTopSmaller"
                },
                {
                    "name": "Outer medium",
                    "class": "spacingOuterTopMedium"
                },
                {
                    "name": "Outer large",
                    "class": "spacingOuterTopLarger"
                }
            ]
        },
        {
            "name": "Spacing bottom",
            "type": "Dropdown",
            "description": "The spacing below this element.",
            "options": [
                {
                    "name": "Inner small",
                    "class": "spacingInnerBottomSmaller"
                },
                {
                    "name": "Inner medium",
                    "class": "spacingInnerBottomMedium"
                },
                {
                    "name": "Inner large",
                    "class": "spacingInnerBottomLarger"
                },
                {
                    "name": "Outer small",
                    "class": "spacingOuterBottomSmaller"
                },
                {
                    "name": "Outer medium",
                    "class": "spacingOuterBottomMedium"
                },
                {
                    "name": "Outer large",
                    "class": "spacingOuterBottomLarger"
                }
            ]
        },
        {
            "name": "Spacing left",
            "type": "Dropdown",
            "description": "The spacing to the left of this element.",
            "options": [
                {
                    "name": "Inner small",
                    "class": "spacingInnerLeftSmaller"
                },
                {
                    "name": "Inner medium",
                    "class": "spacingInnerLeftMedium"
                },
                {
                    "name": "Inner large",
                    "class": "spacingInnerLeftLarger"
                },
                {
                    "name": "Outer small",
                    "class": "spacingOuterLeftSmaller"
                },
                {
                    "name": "Outer medium",
                    "class": "spacingOuterLeftMedium"
                },
                {
                    "name": "Outer large",
                    "class": "spacingOuterLeftLarger"
                }
            ]
        },
        {
            "name": "Spacing right",
            "type": "Dropdown",
            "description": "The spacing to the right of this element.",
            "options": [
                {
                    "name": "Inner small",
                    "class": "spacingInnerRightSmaller"
                },
                {
                    "name": "Inner medium",
                    "class": "spacingInnerRightMedium"
                },
                {
                    "name": "Inner large",
                    "class": "spacingInnerRightLarger"
                },
                {
                    "name": "Outer small",
                    "class": "spacingOuterRightSmaller"
                },
                {
                    "name": "Outer medium",
                    "class": "spacingOuterRightMedium"
                },
                {
                    "name": "Outer large",
                    "class": "spacingOuterRightLarger"
                }
            ]
        },
        {
            "name": "Size",
            "type": "Dropdown",
            "description": "Change the size of the widget relative to its sibling(s).",
            "options": [
                {
                    "name": "Maximum space",
                    "class": "flexMain"
                },
                {
                    "name": "Minimum space",
                    "class": "flexItem"
                }
            ]
        },
        {
            "name": "Background color",
            "type": "Dropdown",
            "description": "Change the background color of the container.",
            "options": [
                {
                    "name": "Background Primary",
                    "oldNames": ["Primary"],
                    "class": "backgroundPrimary"
                },
                {
                    "name": "Background Secondary",
                    "oldNames": ["Gray", "Secondary"],
                    "class": "backgroundSecondary"
                },
                {
                    "name": "Brand Primary",
                    "class": "backgroundBrandPrimary"
                },
                {
                    "name": "Brand Success",
                    "class": "backgroundBrandSuccess"
                },
                {
                    "name": "Brand Warning",
                    "class": "backgroundBrandWarning"
                },
                {
                    "name": "Brand Danger",
                    "class": "backgroundBrandDanger"
                },
                {
                    "name": "Brand Info",
                    "class": "backgroundBrandInfo"
                }
            ]
        },
        {
            "name": "Align",
            "type": "Dropdown",
            "description": "Aligns the element. This overrides 'Align children' of the parent.",
            "options": [
                {
                    "name": "Start",
                    "class": "alignSelfStart"
                },
                {
                    "name": "Center",
                    "class": "alignSelfCenter"
                },
                {
                    "name": "End",
                    "class": "alignSelfEnd"
                },
                {
                    "name": "Stretch",
                    "class": "alignSelfStretch"
                },
                {
                    "name": "Baseline",
                    "class": "alignSelfBaseline"
                }
            ]
        },
        {
            "name": "Render children horizontal",
            "type": "Toggle",
            "description": "Determines the direction in which children are rendered.",
            "class": "flexRow"
        },
        {
            "name": "Wrap children",
            "type": "Toggle",
            "description": "Determines if children can flow into multiple lines if they hit the end of the container.",
            "class": "flexWrap"
        },
        {
            "name": "Align children",
            "type": "Dropdown",
            "description": "Align children in the opposite direction.",
            "options": [
                {
                    "name": "Start",
                    "class": "alignChildrenStart"
                },
                {
                    "name": "Center",
                    "class": "alignChildrenCenter"
                },
                {
                    "name": "End",
                    "class": "alignChildrenEnd"
                },
                {
                    "name": "Stretch",
                    "class": "alignChildrenStretch"
                },
                {
                    "name": "Baseline",
                    "class": "alignChildrenBaseline"
                }
            ]
        },
        {
            "name": "Justify content",
            "type": "Dropdown",
            "description": "Justify content in the active direction.",
            "options": [
                {
                    "name": "Start",
                    "class": "justifyContentStart"
                },
                {
                    "name": "Center",
                    "class": "justifyContentCenter"
                },
                {
                    "name": "End",
                    "class": "justifyContentEnd"
                },
                {
                    "name": "Space between",
                    "class": "justifyContentSpaceBetween"
                },
                {
                    "name": "Space around",
                    "class": "justifyContentSpaceAround"
                },
                {
                    "name": "Space evenly",
                    "class": "justifyContentSpaceEvenly"
                }
            ]
        }
    ],
    "ScrollContainer": [
        {
            "name": "Spacing top",
            "type": "Dropdown",
            "description": "The spacing above this element.",
            "options": [
                {
                    "name": "Inner small",
                    "class": "spacingInnerTopSmaller"
                },
                {
                    "name": "Inner medium",
                    "class": "spacingInnerTopMedium"
                },
                {
                    "name": "Inner large",
                    "class": "spacingInnerTopLarger"
                },
                {
                    "name": "Outer small",
                    "class": "spacingOuterTopSmaller"
                },
                {
                    "name": "Outer medium",
                    "class": "spacingOuterTopMedium"
                },
                {
                    "name": "Outer large",
                    "class": "spacingOuterTopLarger"
                }
            ]
        },
        {
            "name": "Spacing bottom",
            "type": "Dropdown",
            "description": "The spacing below this element.",
            "options": [
                {
                    "name": "Inner small",
                    "class": "spacingInnerBottomSmaller"
                },
                {
                    "name": "Inner medium",
                    "class": "spacingInnerBottomMedium"
                },
                {
                    "name": "Inner large",
                    "class": "spacingInnerBottomLarger"
                },
                {
                    "name": "Outer small",
                    "class": "spacingOuterBottomSmaller"
                },
                {
                    "name": "Outer medium",
                    "class": "spacingOuterBottomMedium"
                },
                {
                    "name": "Outer large",
                    "class": "spacingOuterBottomLarger"
                }
            ]
        },
        {
            "name": "Spacing left",
            "type": "Dropdown",
            "description": "The spacing to the left of this element.",
            "options": [
                {
                    "name": "Inner small",
                    "class": "spacingInnerLeftSmaller"
                },
                {
                    "name": "Inner medium",
                    "class": "spacingInnerLeftMedium"
                },
                {
                    "name": "Inner large",
                    "class": "spacingInnerLeftLarger"
                },
                {
                    "name": "Outer small",
                    "class": "spacingOuterLeftSmaller"
                },
                {
                    "name": "Outer medium",
                    "class": "spacingOuterLeftMedium"
                },
                {
                    "name": "Outer large",
                    "class": "spacingOuterLeftLarger"
                }
            ]
        },
        {
            "name": "Spacing right",
            "type": "Dropdown",
            "description": "The spacing to the right of this element.",
            "options": [
                {
                    "name": "Inner small",
                    "class": "spacingInnerRightSmaller"
                },
                {
                    "name": "Inner medium",
                    "class": "spacingInnerRightMedium"
                },
                {
                    "name": "Inner large",
                    "class": "spacingInnerRightLarger"
                },
                {
                    "name": "Outer small",
                    "class": "spacingOuterRightSmaller"
                },
                {
                    "name": "Outer medium",
                    "class": "spacingOuterRightMedium"
                },
                {
                    "name": "Outer large",
                    "class": "spacingOuterRightLarger"
                }
            ]
        },
        {
            "name": "Size",
            "type": "Dropdown",
            "description": "Change the size of the widget relative to its sibling(s).",
            "options": [
                {
                    "name": "Maximum space",
                    "class": "flexMain"
                },
                {
                    "name": "Minimum space",
                    "class": "flexItem"
                }
            ]
        },
        {
            "name": "Background color",
            "type": "Dropdown",
            "description": "Change the background color of the container.",
            "options": [
                {
                    "name": "Background Primary",
                    "oldNames": ["Primary"],
                    "class": "backgroundPrimary"
                },
                {
                    "name": "Background Secondary",
                    "oldNames": ["Gray", "Secondary"],
                    "class": "backgroundSecondary"
                },
                {
                    "name": "Brand Primary",
                    "class": "backgroundBrandPrimary"
                },
                {
                    "name": "Brand Success",
                    "class": "backgroundBrandSuccess"
                },
                {
                    "name": "Brand Warning",
                    "class": "backgroundBrandWarning"
                },
                {
                    "name": "Brand Danger",
                    "class": "backgroundBrandDanger"
                },
                {
                    "name": "Brand Info",
                    "class": "backgroundBrandInfo"
                }
            ]
        },
        {
            "name": "Align",
            "type": "Dropdown",
            "description": "Aligns the element. This overrides 'Align children' of the parent.",
            "options": [
                {
                    "name": "Start",
                    "class": "alignSelfStart"
                },
                {
                    "name": "Center",
                    "class": "alignSelfCenter"
                },
                {
                    "name": "End",
                    "class": "alignSelfEnd"
                },
                {
                    "name": "Stretch",
                    "class": "alignSelfStretch"
                },
                {
                    "name": "Baseline",
                    "class": "alignSelfBaseline"
                }
            ]
        },
        {
            "name": "Render children horizontal",
            "type": "Toggle",
            "description": "Determines the direction in which children are rendered.",
            "class": "flexRow"
        },
        {
            "name": "Wrap children",
            "type": "Toggle",
            "description": "Determines if children can flow into multiple lines if they hit the end of the container.",
            "class": "flexWrap"
        },
        {
            "name": "Align children",
            "type": "Dropdown",
            "description": "Align children in the opposite direction.",
            "options": [
                {
                    "name": "Start",
                    "class": "alignChildrenStart"
                },
                {
                    "name": "Center",
                    "class": "alignChildrenCenter"
                },
                {
                    "name": "End",
                    "class": "alignChildrenEnd"
                },
                {
                    "name": "Stretch",
                    "class": "alignChildrenStretch"
                },
                {
                    "name": "Baseline",
                    "class": "alignChildrenBaseline"
                }
            ]
        },
        {
            "name": "Justify content",
            "type": "Dropdown",
            "description": "Justify content in the active direction.",
            "options": [
                {
                    "name": "Start",
                    "class": "justifyContentStart"
                },
                {
                    "name": "Center",
                    "class": "justifyContentCenter"
                },
                {
                    "name": "End",
                    "class": "justifyContentEnd"
                },
                {
                    "name": "Space between",
                    "class": "justifyContentSpaceBetween"
                },
                {
                    "name": "Space around",
                    "class": "justifyContentSpaceAround"
                }
            ]
        }
    ],
    "ActionButton": [
        {
            "name": "Button style",
            "type": "Dropdown",
            "description": "Style of the button",
            "options": [
                {
                    "name": "Secondary",
                    "class": "btnSecondary"
                },
                {
                    "name": "Success",
                    "class": "btnSuccess"
                },
                {
                    "name": "Warning",
                    "class": "btnWarning"
                },
                {
                    "name": "Danger",
                    "class": "btnDanger"
                },
                {
                    "name": "Inversed",
                    "class": "btnPrimaryInversed"
                }
            ]
        },
        {
            "name": "Align",
            "type": "Dropdown",
            "description": "Aligns the element. This overrides 'Align children' of the parent.",
            "options": [
                {
                    "name": "Start",
                    "class": "alignSelfStart"
                },
                {
                    "name": "Center",
                    "class": "alignSelfCenter"
                },
                {
                    "name": "End",
                    "class": "alignSelfEnd"
                },
                {
                    "name": "Stretch",
                    "class": "alignSelfStretch"
                },
                {
                    "name": "Baseline",
                    "class": "alignSelfBaseline"
                }
            ]
        }
    ],
    "StaticImageViewer": [
        {
            "name": "Shape",
            "type": "Dropdown",
            "description": "Change the shape of the image",
            "options": [
                {
                    "name": "Square",
                    "class": "imageSquare"
                },
                {
                    "name": "Circle",
                    "class": "imageCircle"
                }
            ]
        },
        {
            "name": "Size",
            "type": "Dropdown",
            "description": "Make the image smaller or larger.",
            "options": [
                {
                    "name": "Icon",
                    "class": "imageIcon",
                    "oldNames": ["imageCircleIcon", "imageSquareIcon"]
                },
                {
                    "name": "Small",
                    "class": "imageSmall",
                    "oldNames": ["imageCircleSmall", "imageSquareSmall"]
                },
                {
                    "name": "Medium",
                    "class": "imageMedium",
                    "oldNames": ["imageCircleMedium", "imageSquareMedium"]
                },
                {
                    "name": "Large",
                    "class": "imageLarge",
                    "oldNames": ["imageCircleLarge", "imageSquareLarge"]
                },
                {
                    "name": "Larger",
                    "class": "imageLarger",
                    "oldNames": ["imageCircleLarger", "imageSquareLarger"]
                },
                {
                    "name": "FullSize",
                    "class": "imageFullSize"
                }
            ]
        }
    ],
    "DynamicImageViewer": [
        {
            "name": "Shape",
            "type": "Dropdown",
            "description": "Change the shape of the image",
            "options": [
                {
                    "name": "Square",
                    "class": "imageSquare"
                },
                {
                    "name": "Circle",
                    "class": "imageCircle"
                }
            ]
        },
        {
            "name": "Size",
            "type": "Dropdown",
            "description": "Make the image smaller or larger.",
            "options": [
                {
                    "name": "Icon",
                    "class": "imageIcon",
                    "oldNames": ["imageCircleIcon", "imageSquareIcon"]
                },
                {
                    "name": "Small",
                    "class": "imageSmall",
                    "oldNames": ["imageCircleSmall", "imageSquareSmall"]
                },
                {
                    "name": "Medium",
                    "class": "imageMedium",
                    "oldNames": ["imageCircleMedium", "imageSquareMedium"]
                },
                {
                    "name": "Large",
                    "class": "imageLarge",
                    "oldNames": ["imageCircleLarge", "imageSquareLarge"]
                },
                {
                    "name": "Larger",
                    "class": "imageLarger",
                    "oldNames": ["imageCircleLarger", "imageSquareLarger"]
                },
                {
                    "name": "FullSize",
                    "class": "imageFullSize"
                }
            ]
        }
    ],
    "DynamicText": [
        {
            "name": "Color",
            "type": "Dropdown",
            "description": "Change the color of text.",
            "options": [
                {
                    "name": "Paragraph",
                    "class": "textParagraph"
                },
                {
                    "name": "Disabled",
                    "class": "textDisabled"
                },
                {
                    "name": "White",
                    "class": "textWhite"
                },
                {
                    "name": "Black",
                    "class": "textBlack"
                },
                {
                    "name": "Brand primary",
                    "class": "textPrimary"
                },
                {
                    "name": "Brand success",
                    "class": "textSuccess"
                },
                {
                    "name": "Brand warning",
                    "class": "textWarning"
                },
                {
                    "name": "Brand danger",
                    "class": "textDanger"
                }
            ]
        },
        {
            "name": "Size",
            "type": "Dropdown",
            "description": "Make the text smaller or larger.",
            "options": [
                {
                    "name": "Smallest",
                    "class": "textSmallest"
                },
                {
                    "name": "Small",
                    "class": "textSmall"
                },
                {
                    "name": "Large",
                    "class": "textLarge"
                },
                {
                    "name": "Largest",
                    "class": "textLargest"
                }
            ]
        },
        {
            "name": "Weight",
            "type": "Dropdown",
            "description": "Emphasize the text with a heavier or lighter font weight",
            "options": [
                {
                    "name": "Default",
                    "class": "textNormal"
                },
                {
                    "name": "Bold",
                    "class": "textBold"
                }
            ]
        },
        {
            "name": "Decoration",
            "type": "Dropdown",
            "description": "Decorate the text with an underline or a line through",
            "options": [
                {
                    "name": "Underline",
                    "class": "textUnderline"
                },
                {
                    "name": "Line Through",
                    "class": "textLineThrough"
                }
            ]
        },
        {
            "name": "Alignment",
            "type": "Dropdown",
            "description": "Align the text.",
            "options": [
                {
                    "name": "Left",
                    "class": "textLeft"
                },
                {
                    "name": "Center",
                    "class": "textCenter"
                },
                {
                    "name": "Right",
                    "class": "textRight"
                }
            ]
        }
    ],
    "LayoutGrid": [
        {
            "name": "Spacing top",
            "type": "Dropdown",
            "description": "The spacing above this element.",
            "options": [
                {
                    "name": "Inner small",
                    "class": "spacingInnerTopSmaller"
                },
                {
                    "name": "Inner medium",
                    "class": "spacingInnerTopMedium"
                },
                {
                    "name": "Inner large",
                    "class": "spacingInnerTopLarger"
                },
                {
                    "name": "Outer small",
                    "class": "spacingOuterTopSmaller",
                    "oldNames": ["Small"]
                },
                {
                    "name": "Outer medium",
                    "class": "spacingOuterTopMedium",
                    "oldNames": ["Medium"]
                },
                {
                    "name": "Outer large",
                    "class": "spacingOuterTopLarger",
                    "oldNames": ["Large"]
                }
            ]
        },
        {
            "name": "Spacing bottom",
            "type": "Dropdown",
            "description": "The spacing below this element.",
            "options": [
                {
                    "name": "Inner small",
                    "class": "spacingInnerBottomSmaller"
                },
                {
                    "name": "Inner medium",
                    "class": "spacingInnerBottomMedium"
                },
                {
                    "name": "Inner large",
                    "class": "spacingInnerBottomLarger"
                },
                {
                    "name": "Outer small",
                    "class": "spacingOuterBottomSmaller",
                    "oldNames": ["Small"]
                },
                {
                    "name": "Outer medium",
                    "class": "spacingOuterBottomMedium",
                    "oldNames": ["Medium"]
                },
                {
                    "name": "Outer large",
                    "class": "spacingOuterBottomLarger",
                    "oldNames": ["Large"]
                }
            ]
        },
        {
            "name": "Spacing left",
            "type": "Dropdown",
            "description": "The spacing to the left of this element.",
            "options": [
                {
                    "name": "Inner small",
                    "class": "spacingInnerLeftSmaller"
                },
                {
                    "name": "Inner medium",
                    "class": "spacingInnerLeftMedium"
                },
                {
                    "name": "Inner large",
                    "class": "spacingInnerLeftLarger"
                },
                {
                    "name": "Outer small",
                    "class": "spacingOuterLeftSmaller",
                    "oldNames": ["Small"]
                },
                {
                    "name": "Outer medium",
                    "class": "spacingOuterLeftMedium",
                    "oldNames": ["Medium"]
                },
                {
                    "name": "Outer large",
                    "class": "spacingOuterLeftLarger",
                    "oldNames": ["Large"]
                }
            ]
        },
        {
            "name": "Spacing right",
            "type": "Dropdown",
            "description": "The spacing to the right of this element.",
            "options": [
                {
                    "name": "Inner small",
                    "class": "spacingInnerRightSmaller"
                },
                {
                    "name": "Inner medium",
                    "class": "spacingInnerRightMedium"
                },
                {
                    "name": "Inner large",
                    "class": "spacingInnerRightLarger"
                },
                {
                    "name": "Outer small",
                    "class": "spacingOuterRightSmaller",
                    "oldNames": ["Small"]
                },
                {
                    "name": "Outer medium",
                    "class": "spacingOuterRightMedium",
                    "oldNames": ["Medium"]
                },
                {
                    "name": "Outer large",
                    "class": "spacingOuterRightLarger",
                    "oldNames": ["Large"]
                }
            ]
        },
        {
            "name": "Background color",
            "type": "Dropdown",
            "description": "Change the background color of the container.",
            "options": [
                {
                    "name": "Background Primary",
                    "oldNames": ["Primary"],
                    "class": "backgroundPrimary"
                },
                {
                    "name": "Background Secondary",
                    "oldNames": ["Gray", "Secondary"],
                    "class": "backgroundSecondary"
                },
                {
                    "name": "Brand Primary",
                    "class": "backgroundBrandPrimary"
                },
                {
                    "name": "Brand Success",
                    "class": "backgroundBrandSuccess"
                },
                {
                    "name": "Brand Warning",
                    "class": "backgroundBrandWarning"
                },
                {
                    "name": "Brand Danger",
                    "class": "backgroundBrandDanger"
                },
                {
                    "name": "Brand Info",
                    "class": "backgroundBrandInfo"
                }
            ]
        }
    ],
    "LayoutGridRow": [
        {
            "name": "Spacing top",
            "type": "Dropdown",
            "description": "The spacing above this element.",
            "options": [
                {
                    "name": "Inner small",
                    "class": "spacingInnerTopSmaller"
                },
                {
                    "name": "Inner medium",
                    "class": "spacingInnerTopMedium"
                },
                {
                    "name": "Inner large",
                    "class": "spacingInnerTopLarger"
                },
                {
                    "name": "Outer small",
                    "class": "spacingOuterTopSmaller"
                },
                {
                    "name": "Outer medium",
                    "class": "spacingOuterTopMedium"
                },
                {
                    "name": "Outer large",
                    "class": "spacingOuterTopLarger"
                }
            ]
        },
        {
            "name": "Spacing bottom",
            "type": "Dropdown",
            "description": "The spacing below this element.",
            "options": [
                {
                    "name": "Inner small",
                    "class": "spacingInnerBottomSmaller"
                },
                {
                    "name": "Inner medium",
                    "class": "spacingInnerBottomMedium"
                },
                {
                    "name": "Inner large",
                    "class": "spacingInnerBottomLarger"
                },
                {
                    "name": "Outer small",
                    "class": "spacingOuterBottomSmaller"
                },
                {
                    "name": "Outer medium",
                    "class": "spacingOuterBottomMedium"
                },
                {
                    "name": "Outer large",
                    "class": "spacingOuterBottomLarger"
                }
            ]
        },
        {
            "name": "Spacing left",
            "type": "Dropdown",
            "description": "The spacing to the left of this element.",
            "options": [
                {
                    "name": "Inner small",
                    "class": "spacingInnerLeftSmaller"
                },
                {
                    "name": "Inner medium",
                    "class": "spacingInnerLeftMedium"
                },
                {
                    "name": "Inner large",
                    "class": "spacingInnerLeftLarger"
                },
                {
                    "name": "Outer small",
                    "class": "spacingOuterLeftSmaller"
                },
                {
                    "name": "Outer medium",
                    "class": "spacingOuterLeftMedium"
                },
                {
                    "name": "Outer large",
                    "class": "spacingOuterLeftLarger"
                }
            ]
        },
        {
            "name": "Spacing right",
            "type": "Dropdown",
            "description": "The spacing to the right of this element.",
            "options": [
                {
                    "name": "Inner small",
                    "class": "spacingInnerRightSmaller"
                },
                {
                    "name": "Inner medium",
                    "class": "spacingInnerRightMedium"
                },
                {
                    "name": "Inner large",
                    "class": "spacingInnerRightLarger"
                },
                {
                    "name": "Outer small",
                    "class": "spacingOuterRightSmaller"
                },
                {
                    "name": "Outer medium",
                    "class": "spacingOuterRightMedium"
                },
                {
                    "name": "Outer large",
                    "class": "spacingOuterRightLarger"
                }
            ]
        },
        {
            "name": "Background color",
            "type": "Dropdown",
            "description": "Change the background color of the container.",
            "options": [
                {
                    "name": "Background Primary",
                    "oldNames": ["Primary"],
                    "class": "backgroundPrimary"
                },
                {
                    "name": "Background Secondary",
                    "oldNames": ["Gray", "Secondary"],
                    "class": "backgroundSecondary"
                },
                {
                    "name": "Brand Primary",
                    "class": "backgroundBrandPrimary"
                },
                {
                    "name": "Brand Success",
                    "class": "backgroundBrandSuccess"
                },
                {
                    "name": "Brand Warning",
                    "class": "backgroundBrandWarning"
                },
                {
                    "name": "Brand Danger",
                    "class": "backgroundBrandDanger"
                },
                {
                    "name": "Brand Info",
                    "class": "backgroundBrandInfo"
                }
            ]
        }
    ],
    "LayoutGridColumn": [
        {
            "name": "Background color",
            "type": "Dropdown",
            "description": "Change the background color of the container.",
            "options": [
                {
                    "name": "Background Primary",
                    "oldNames": ["Primary"],
                    "class": "backgroundPrimary"
                },
                {
                    "name": "Background Secondary",
                    "oldNames": ["Gray", "Secondary"],
                    "class": "backgroundSecondary"
                },
                {
                    "name": "Brand Primary",
                    "class": "backgroundBrandPrimary"
                },
                {
                    "name": "Brand Success",
                    "class": "backgroundBrandSuccess"
                },
                {
                    "name": "Brand Warning",
                    "class": "backgroundBrandWarning"
                },
                {
                    "name": "Brand Danger",
                    "class": "backgroundBrandDanger"
                },
                {
                    "name": "Brand Info",
                    "class": "backgroundBrandInfo"
                }
            ]
        }
    ],
    "ListView": [
        {
            "name": "List item divider",
            "type": "Dropdown",
            "description": "Give each list item a border.",
            "options": [
                {
                    "name": "Vertical",
                    "class": "listItemBorderBottom"
                },
                {
                    "name": "Horizontal",
                    "class": "listItemBorderRight"
                }
            ]
        },
        {
            "name": "Background color",
            "type": "Dropdown",
            "description": "Change the background color of the container.",
            "options": [
                {
                    "name": "Background Primary",
                    "oldNames": ["Primary"],
                    "class": "backgroundPrimary"
                },
                {
                    "name": "Background Secondary",
                    "oldNames": ["Gray", "Secondary"],
                    "class": "backgroundSecondary"
                },
                {
                    "name": "Brand Primary",
                    "class": "backgroundBrandPrimary"
                },
                {
                    "name": "Brand Success",
                    "class": "backgroundBrandSuccess"
                },
                {
                    "name": "Brand Warning",
                    "class": "backgroundBrandWarning"
                },
                {
                    "name": "Brand Danger",
                    "class": "backgroundBrandDanger"
                },
                {
                    "name": "Brand Info",
                    "class": "backgroundBrandInfo"
                }
            ]
        }
    ],
    "TabContainer": [
        {
            "name": "Tab bar scroll",
            "type": "Toggle",
            "description": "Enable horizontal scroll for the tab bar.",
            "class": "tabContainerScroll"
        }
    ],
    "TextBox": [
        {
            "name": "Capitalize",
            "type": "Dropdown",
            "description": "Change the capitalization of the input.",
            "options": [
                {
                    "name": "None",
                    "class": "textInputCapitalizeNone"
                },
                {
                    "name": "Characters",
                    "class": "textInputCapitalizeCharacters"
                },
                {
                    "name": "Words",
                    "class": "textInputCapitalizeWords"
                },
                {
                    "name": "Sentences",
                    "class": "textInputCapitalizeSentences"
                }
            ]
        }
    ],
    "TextArea": [
        {
            "name": "Capitalize",
            "type": "Dropdown",
            "description": "Change the capitalization of the input.",
            "options": [
                {
                    "name": "None",
                    "class": "textInputCapitalizeNone"
                },
                {
                    "name": "Characters",
                    "class": "textInputCapitalizeCharacters"
                },
                {
                    "name": "Words",
                    "class": "textInputCapitalizeWords"
                },
                {
                    "name": "Sentences",
                    "class": "textInputCapitalizeSentences"
                }
            ]
        }
    ],
    "com.mendix.widget.native.activityindicator.ActivityIndicator": [
        {
            "name": "Activity indicator style",
            "type": "Dropdown",
            "description": "Style of the Activity indicator.",
            "options": [
                {
                    "name": "Success",
                    "class": "activityIndicatorSuccess"
                },
                {
                    "name": "Warning",
                    "class": "activityIndicatorWarning"
                },
                {
                    "name": "Danger",
                    "class": "activityIndicatorDanger"
                }
            ]
        }
    ],
    "com.mendix.widget.native.animation.Animation": [
        {
            "name": "Spacing top",
            "type": "Dropdown",
            "description": "The spacing above this element.",
            "options": [
                {
                    "name": "Inner small",
                    "class": "spacingInnerTopSmaller"
                },
                {
                    "name": "Inner medium",
                    "class": "spacingInnerTopMedium"
                },
                {
                    "name": "Inner large",
                    "class": "spacingInnerTopLarger"
                },
                {
                    "name": "Outer small",
                    "class": "spacingOuterTopSmaller"
                },
                {
                    "name": "Outer medium",
                    "class": "spacingOuterTopMedium"
                },
                {
                    "name": "Outer large",
                    "class": "spacingOuterTopLarger"
                }
            ]
        },
        {
            "name": "Spacing bottom",
            "type": "Dropdown",
            "description": "The spacing below this element.",
            "options": [
                {
                    "name": "Inner small",
                    "class": "spacingInnerBottomSmaller"
                },
                {
                    "name": "Inner medium",
                    "class": "spacingInnerBottomMedium"
                },
                {
                    "name": "Inner large",
                    "class": "spacingInnerBottomLarger"
                },
                {
                    "name": "Outer small",
                    "class": "spacingOuterBottomSmaller"
                },
                {
                    "name": "Outer medium",
                    "class": "spacingOuterBottomMedium"
                },
                {
                    "name": "Outer large",
                    "class": "spacingOuterBottomLarger"
                }
            ]
        },
        {
            "name": "Spacing left",
            "type": "Dropdown",
            "description": "The spacing to the left of this element.",
            "options": [
                {
                    "name": "Inner small",
                    "class": "spacingInnerLeftSmaller"
                },
                {
                    "name": "Inner medium",
                    "class": "spacingInnerLeftMedium"
                },
                {
                    "name": "Inner large",
                    "class": "spacingInnerLeftLarger"
                },
                {
                    "name": "Outer small",
                    "class": "spacingOuterLeftSmaller"
                },
                {
                    "name": "Outer medium",
                    "class": "spacingOuterLeftMedium"
                },
                {
                    "name": "Outer large",
                    "class": "spacingOuterLeftLarger"
                }
            ]
        },
        {
            "name": "Spacing right",
            "type": "Dropdown",
            "description": "The spacing to the right of this element.",
            "options": [
                {
                    "name": "Inner small",
                    "class": "spacingInnerRightSmaller"
                },
                {
                    "name": "Inner medium",
                    "class": "spacingInnerRightMedium"
                },
                {
                    "name": "Inner large",
                    "class": "spacingInnerRightLarger"
                },
                {
                    "name": "Outer small",
                    "class": "spacingOuterRightSmaller"
                },
                {
                    "name": "Outer medium",
                    "class": "spacingOuterRightMedium"
                },
                {
                    "name": "Outer large",
                    "class": "spacingOuterRightLarger"
                }
            ]
        },
        {
            "name": "Size",
            "type": "Dropdown",
            "description": "Change the size of the widget relative to its sibling(s).",
            "options": [
                {
                    "name": "Maximum space",
                    "class": "flexMain"
                },
                {
                    "name": "Minimum space",
                    "class": "flexItem"
                }
            ]
        },
        {
            "name": "Background color",
            "type": "Dropdown",
            "description": "Change the background color of the container.",
            "options": [
                {
                    "name": "Background Primary",
                    "oldNames": ["Primary"],
                    "class": "backgroundPrimary"
                },
                {
                    "name": "Background Secondary",
                    "oldNames": ["Gray", "Secondary"],
                    "class": "backgroundSecondary"
                },
                {
                    "name": "Brand Primary",
                    "class": "backgroundBrandPrimary"
                },
                {
                    "name": "Brand Success",
                    "class": "backgroundBrandSuccess"
                },
                {
                    "name": "Brand Warning",
                    "class": "backgroundBrandWarning"
                },
                {
                    "name": "Brand Danger",
                    "class": "backgroundBrandDanger"
                },
                {
                    "name": "Brand Info",
                    "class": "backgroundBrandInfo"
                }
            ]
        },
        {
            "name": "Align",
            "type": "Dropdown",
            "description": "Aligns the element. This overrides 'Align children' of the parent.",
            "options": [
                {
                    "name": "Stretch",
                    "class": "alignSelfStretch"
                },
                {
                    "name": "Start",
                    "class": "alignSelfStart"
                },
                {
                    "name": "Center",
                    "class": "alignSelfCenter"
                },
                {
                    "name": "End",
                    "class": "alignSelfEnd"
                }
            ]
        },
        {
            "name": "Render children horizontal",
            "type": "Toggle",
            "description": "Determines the direction in which children are rendered.",
            "class": "flexRow"
        },
        {
            "name": "Wrap children",
            "type": "Toggle",
            "description": "Determines if children can flow into multiple lines if they hit the end of the container.",
            "class": "flexWrap"
        },
        {
            "name": "Align children",
            "type": "Dropdown",
            "description": "Align children in the opposite direction.",
            "options": [
                {
                    "name": "Start",
                    "class": "alignChildrenStart"
                },
                {
                    "name": "Center",
                    "class": "alignChildrenCenter"
                },
                {
                    "name": "End",
                    "class": "alignChildrenEnd"
                },
                {
                    "name": "Stretch",
                    "class": "alignChildrenStretch"
                }
            ]
        },
        {
            "name": "Justify children",
            "type": "Dropdown",
            "description": "Justify children in the active direction.",
            "options": [
                {
                    "name": "Center",
                    "class": "justifyChildrenCenter"
                },
                {
                    "name": "End",
                    "class": "justifyChildrenEnd"
                },
                {
                    "name": "Space between",
                    "class": "justifyChildrenSpaceBetween"
                },
                {
                    "name": "Space around",
                    "class": "justifyChildrenSpaceAround"
                }
            ]
        }
    ],
    "com.mendix.widget.native.accordion.Accordion": [
        {
            "name": "Compact",
            "type": "Toggle",
            "description": "Reduces the spacing in the header and the content.",
            "class": "accordionCompact"
        },
        {
            "name": "Dividers",
            "type": "Dropdown",
            "description": "Configure the dividers between the groups.",
            "options": [
                {
                    "name": "Lined",
                    "class": "accordionLined"
                },
                {
                    "name": "None",
                    "class": "accordionDividerNone"
                }
            ]
        },
        {
            "name": "Accordion style",
            "type": "Dropdown",
            "description": "Style of the Accordion.",
            "options": [
                {
                    "name": "Primary",
                    "class": "accordionPrimary"
                },
                {
                    "name": "Secondary",
                    "class": "accordionSecondary"
                },
                {
                    "name": "Success",
                    "class": "accordionSuccess"
                },
                {
                    "name": "Warning",
                    "class": "accordionWarning"
                },
                {
                    "name": "Danger",
                    "class": "accordionDanger"
                }
            ]
        }
    ],
    "com.mendix.widget.native.badge.Badge": [
        {
            "name": "Badge style",
            "type": "Dropdown",
            "description": "Style of the Badge.",
            "options": [
                {
                    "name": "Primary",
                    "class": "badgePrimary"
                },
                {
                    "name": "Success",
                    "class": "badgeSuccess"
                },
                {
                    "name": "Warning",
                    "class": "badgeWarning"
                },
                {
                    "name": "Danger",
                    "class": "badgeDanger"
                }
            ]
        }
    ],
    "com.mendix.widget.native.floatingactionbutton.FloatingActionButton": [
        {
            "name": "Style",
            "type": "Dropdown",
            "description": "Style of the Floating Action Button.",
            "options": [
                {
                    "name": "Secondary",
                    "class": "floatingActionButtonSecondary"
                },
                {
                    "name": "Success",
                    "class": "floatingActionButtonSuccess"
                },
                {
                    "name": "Warning",
                    "class": "floatingActionButtonWarning"
                },
                {
                    "name": "Danger",
                    "class": "floatingActionButtonDanger"
                }
            ]
        }
    ],
    "com.mendix.widget.native.linechart.LineChart": [
        {
            "name": "Chart size",
            "type": "Dropdown",
            "description": "Size of the chart.",
            "options": [
                {
                    "name": "Square",
                    "class": "lineChartSquare"
                },
                {
                    "name": "Maximum space",
                    "class": "lineChartMaxSpace"
                }
            ]
        }
    ],
    "com.mendix.widget.native.listviewswipe.ListViewSwipe": [
        {
            "name": "Panel size",
            "type": "Dropdown",
            "description": "Size of the left and right panel.",
            "options": [
                {
                    "name": "Small",
                    "class": "listViewSwipeSmallPanels"
                },
                {
                    "name": "Large",
                    "class": "listViewSwipeLargePanels"
                }
            ]
        }
    ],
    "com.mendix.widget.native.maps.Maps": [
        {
            "name": "Maps size",
            "type": "Dropdown",
            "description": "Size of the maps.",
            "options": [
                {
                    "name": "Square",
                    "class": "mapsSquare"
                },
                {
                    "name": "Maximum space",
                    "class": "mapsMaxSpace"
                }
            ]
        },
        {
            "name": "Maps marker style",
            "type": "Dropdown",
            "description": "Style of the marker.",
            "options": [
                {
                    "name": "Success",
                    "class": "mapsSuccess"
                },
                {
                    "name": "Warning",
                    "class": "mapsWarning"
                },
                {
                    "name": "Danger",
                    "class": "mapsDanger"
                }
            ]
        }
    ],
    "com.mendix.widget.native.barchart.BarChart": [
        {
            "name": "Chart size",
            "type": "Dropdown",
            "description": "Size of the chart.",
            "options": [
                {
                    "name": "Square",
                    "class": "barChartSquare"
                },
                {
                    "name": "Maximum space",
                    "class": "barChartMaxSpace"
                }
            ]
        }
    ],
    "com.mendix.widget.native.columnchart.ColumnChart": [
        {
            "name": "Chart size",
            "type": "Dropdown",
            "description": "Size of the chart.",
            "options": [
                {
                    "name": "Square",
                    "class": "columnChartSquare"
                },
                {
                    "name": "Maximum space",
                    "class": "columnChartMaxSpace"
                }
            ]
        }
    ],
    "com.mendix.widget.native.progressbar.ProgressBar": [
        {
            "name": "Progress bar style",
            "type": "Dropdown",
            "description": "Style of the progress bar.",
            "options": [
                {
                    "name": "Success",
                    "class": "progressBarSuccess"
                },
                {
                    "name": "Warning",
                    "class": "progressBarWarning"
                },
                {
                    "name": "Danger",
                    "class": "progressBarDanger"
                }
            ]
        },
        {
            "name": "Progress bar size",
            "type": "Dropdown",
            "description": "Size of the progress bar.",
            "options": [
                {
                    "name": "Small",
                    "class": "progressBarSmall"
                },
                {
                    "name": "Large",
                    "class": "progressBarLarge"
                }
            ]
        }
    ],
    "com.mendix.widget.native.progresscircle.ProgressCircle": [
        {
            "name": "Progress circle style",
            "type": "Dropdown",
            "description": "Style of the progress circle.",
            "options": [
                {
                    "name": "Success",
                    "class": "progressCircleSuccess"
                },
                {
                    "name": "Warning",
                    "class": "progressCircleWarning"
                },
                {
                    "name": "Danger",
                    "class": "progressCircleDanger"
                }
            ]
        }
    ],
    "com.mendix.widget.native.rangeslider.RangeSlider": [
        {
            "name": "Range Slider style",
            "type": "Dropdown",
            "description": "Style of the range slider.",
            "options": [
                {
                    "name": "Success",
                    "class": "rangeSliderSuccess"
                },
                {
                    "name": "Warning",
                    "class": "rangeSliderWarning"
                },
                {
                    "name": "Danger",
                    "class": "rangeSliderDanger"
                }
            ]
        }
    ],
    "com.mendix.widget.native.safeareaview.SafeAreaView": [
        {
            "name": "Spacing top",
            "type": "Dropdown",
            "description": "The spacing above this element.",
            "options": [
                {
                    "name": "Inner small",
                    "class": "spacingInnerTopSmaller"
                },
                {
                    "name": "Inner medium",
                    "class": "spacingInnerTopMedium"
                },
                {
                    "name": "Inner large",
                    "class": "spacingInnerTopLarger"
                }
            ]
        },
        {
            "name": "Spacing bottom",
            "type": "Dropdown",
            "description": "The spacing below this element.",
            "options": [
                {
                    "name": "Inner small",
                    "class": "spacingInnerBottomSmaller"
                },
                {
                    "name": "Inner medium",
                    "class": "spacingInnerBottomMedium"
                },
                {
                    "name": "Inner large",
                    "class": "spacingInnerBottomLarger"
                }
            ]
        },
        {
            "name": "Spacing left",
            "type": "Dropdown",
            "description": "The spacing to the left of this element.",
            "options": [
                {
                    "name": "Inner small",
                    "class": "spacingInnerLeftSmaller"
                },
                {
                    "name": "Inner medium",
                    "class": "spacingInnerLeftMedium"
                },
                {
                    "name": "Inner large",
                    "class": "spacingInnerLeftLarger"
                }
            ]
        },
        {
            "name": "Spacing right",
            "type": "Dropdown",
            "description": "The spacing to the right of this element.",
            "options": [
                {
                    "name": "Inner small",
                    "class": "spacingInnerRightSmaller"
                },
                {
                    "name": "Inner medium",
                    "class": "spacingInnerRightMedium"
                },
                {
                    "name": "Inner large",
                    "class": "spacingInnerRightLarger"
                }
            ]
        },
        {
            "name": "Background color",
            "type": "Dropdown",
            "description": "Change the background color of the container.",
            "options": [
                {
                    "name": "Background Primary",
                    "oldNames": ["Primary"],
                    "class": "backgroundPrimary"
                },
                {
                    "name": "Background Secondary",
                    "oldNames": ["Gray", "Secondary"],
                    "class": "backgroundSecondary"
                },
                {
                    "name": "Brand Primary",
                    "class": "backgroundBrandPrimary"
                },
                {
                    "name": "Brand Success",
                    "class": "backgroundBrandSuccess"
                },
                {
                    "name": "Brand Warning",
                    "class": "backgroundBrandWarning"
                },
                {
                    "name": "Brand Danger",
                    "class": "backgroundBrandDanger"
                },
                {
                    "name": "Brand Info",
                    "class": "backgroundBrandInfo"
                }
            ]
        },
        {
            "name": "Render children horizontal",
            "type": "Toggle",
            "description": "Determines the direction in which children are rendered.",
            "class": "flexRow"
        },
        {
            "name": "Wrap children",
            "type": "Toggle",
            "description": "Determines if children can flow into multiple lines if they hit the end of the container.",
            "class": "flexWrap"
        },
        {
            "name": "Align children",
            "type": "Dropdown",
            "description": "Align children in the opposite direction.",
            "options": [
                {
                    "name": "Start",
                    "class": "alignChildrenStart"
                },
                {
                    "name": "Center",
                    "class": "alignChildrenCenter"
                },
                {
                    "name": "End",
                    "class": "alignChildrenEnd"
                },
                {
                    "name": "Stretch",
                    "class": "alignChildrenStretch"
                },
                {
                    "name": "Baseline",
                    "class": "alignChildrenBaseline"
                }
            ]
        },
        {
            "name": "Justify content",
            "type": "Dropdown",
            "description": "Justify content in the active direction.",
            "options": [
                {
                    "name": "Start",
                    "class": "justifyContentStart"
                },
                {
                    "name": "Center",
                    "class": "justifyContentCenter"
                },
                {
                    "name": "End",
                    "class": "justifyContentEnd"
                },
                {
                    "name": "Space between",
                    "class": "justifyContentSpaceBetween"
                },
                {
                    "name": "Space around",
                    "class": "justifyContentSpaceAround"
                },
                {
                    "name": "Space evenly",
                    "class": "justifyContentSpaceEvenly"
                }
            ]
        }
    ],
    "com.mendix.widget.native.slider.Slider": [
        {
            "name": "Slider style",
            "type": "Dropdown",
            "description": "Style of the slider.",
            "options": [
                {
                    "name": "Success",
                    "class": "sliderSuccess"
                },
                {
                    "name": "Warning",
                    "class": "sliderWarning"
                },
                {
                    "name": "Danger",
                    "class": "sliderDanger"
                }
            ]
        }
    ],
    "com.mendix.widget.native.switch.Switch": [
        {
            "name": "Switch style",
            "type": "Dropdown",
            "description": "Style of the switch track color.",
            "options": [
                {
                    "name": "Success",
                    "class": "switchSuccess"
                },
                {
                    "name": "Warning",
                    "class": "switchWarning"
                },
                {
                    "name": "Danger",
                    "class": "switchDanger"
                }
            ]
        }
    ],
    "com.mendix.widget.native.radiobuttons.RadioButtons": [
        {
            "name": "Radio button color",
            "type": "Dropdown",
            "description": "Change the color of radio button.",
            "options": [
                {
                    "name": "Brand Primary",
                    "class": "radioButtonsPrimary"
                },
                {
                    "name": "Brand Success",
                    "class": "radioButtonsSuccess"
                },
                {
                    "name": "Brand Warning",
                    "class": "radioButtonsWarning"
                },
                {
                    "name": "Brand Danger",
                    "class": "radioButtonsDanger"
                },
                {
                    "name": "Brand Info",
                    "class": "radioButtonsInfo"
                }
            ]
        },
        {
            "name": "Radio button label color",
            "type": "Dropdown",
            "description": "Change the color of label.",
            "options": [
                {
                    "name": "Brand Primary",
                    "class": "radioButtonsLabelPrimary"
                },
                {
                    "name": "Brand Success",
                    "class": "radioButtonsLabelSuccess"
                },
                {
                    "name": "Brand Warning",
                    "class": "radioButtonsLabelWarning"
                },
                {
                    "name": "Brand Danger",
                    "class": "radioButtonsLabelDanger"
                },
                {
                    "name": "Brand Info",
                    "class": "radioButtonsLabelInfo"
                }
            ]
        }
    ],
    "com.mendix.widget.native.backgroundgradient.BackgroundGradient": [
        {
            "name": "Spacing top",
            "type": "Dropdown",
            "description": "The spacing above this element.",
            "options": [
                {
                    "name": "Inner small",
                    "class": "spacingInnerTopSmaller"
                },
                {
                    "name": "Inner medium",
                    "class": "spacingInnerTopMedium"
                },
                {
                    "name": "Inner large",
                    "class": "spacingInnerTopLarger"
                },
                {
                    "name": "Outer small",
                    "class": "spacingOuterTopSmaller"
                },
                {
                    "name": "Outer medium",
                    "class": "spacingOuterTopMedium"
                },
                {
                    "name": "Outer large",
                    "class": "spacingOuterTopLarger"
                }
            ]
        },
        {
            "name": "Spacing bottom",
            "type": "Dropdown",
            "description": "The spacing below this element.",
            "options": [
                {
                    "name": "Inner small",
                    "class": "spacingInnerBottomSmaller"
                },
                {
                    "name": "Inner medium",
                    "class": "spacingInnerBottomMedium"
                },
                {
                    "name": "Inner large",
                    "class": "spacingInnerBottomLarger"
                },
                {
                    "name": "Outer small",
                    "class": "spacingOuterBottomSmaller"
                },
                {
                    "name": "Outer medium",
                    "class": "spacingOuterBottomMedium"
                },
                {
                    "name": "Outer large",
                    "class": "spacingOuterBottomLarger"
                }
            ]
        },
        {
            "name": "Spacing left",
            "type": "Dropdown",
            "description": "The spacing to the left of this element.",
            "options": [
                {
                    "name": "Inner small",
                    "class": "spacingInnerLeftSmaller"
                },
                {
                    "name": "Inner medium",
                    "class": "spacingInnerLeftMedium"
                },
                {
                    "name": "Inner large",
                    "class": "spacingInnerLeftLarger"
                },
                {
                    "name": "Outer small",
                    "class": "spacingOuterLeftSmaller"
                },
                {
                    "name": "Outer medium",
                    "class": "spacingOuterLeftMedium"
                },
                {
                    "name": "Outer large",
                    "class": "spacingOuterLeftLarger"
                }
            ]
        },
        {
            "name": "Spacing right",
            "type": "Dropdown",
            "description": "The spacing to the right of this element.",
            "options": [
                {
                    "name": "Inner small",
                    "class": "spacingInnerRightSmaller"
                },
                {
                    "name": "Inner medium",
                    "class": "spacingInnerRightMedium"
                },
                {
                    "name": "Inner large",
                    "class": "spacingInnerRightLarger"
                },
                {
                    "name": "Outer small",
                    "class": "spacingOuterRightSmaller"
                },
                {
                    "name": "Outer medium",
                    "class": "spacingOuterRightMedium"
                },
                {
                    "name": "Outer large",
                    "class": "spacingOuterRightLarger"
                }
            ]
        },
        {
            "name": "Size",
            "type": "Dropdown",
            "description": "Change the size of the widget relative to its sibling(s).",
            "options": [
                {
                    "name": "Maximum space",
                    "class": "flexMain"
                },
                {
                    "name": "Minimum space",
                    "class": "flexItem"
                }
            ]
        },
        {
            "name": "Align",
            "type": "Dropdown",
            "description": "Aligns the element. This overrides 'Align children' of the parent.",
            "options": [
                {
                    "name": "Start",
                    "class": "alignSelfStart"
                },
                {
                    "name": "Center",
                    "class": "alignSelfCenter"
                },
                {
                    "name": "End",
                    "class": "alignSelfEnd"
                },
                {
                    "name": "Stretch",
                    "class": "alignSelfStretch"
                },
                {
                    "name": "Baseline",
                    "class": "alignSelfBaseline"
                }
            ]
        },
        {
            "name": "Render children horizontal",
            "type": "Toggle",
            "description": "Determines the direction in which children are rendered.",
            "class": "flexRow"
        },
        {
            "name": "Wrap children",
            "type": "Toggle",
            "description": "Determines if children can flow into multiple lines if they hit the end of the container.",
            "class": "flexWrap"
        },
        {
            "name": "Align children",
            "type": "Dropdown",
            "description": "Align children in the opposite direction.",
            "options": [
                {
                    "name": "Start",
                    "class": "alignChildrenStart"
                },
                {
                    "name": "Center",
                    "class": "alignChildrenCenter"
                },
                {
                    "name": "End",
                    "class": "alignChildrenEnd"
                },
                {
                    "name": "Stretch",
                    "class": "alignChildrenStretch"
                },
                {
                    "name": "Baseline",
                    "class": "alignChildrenBaseline"
                }
            ]
        },
        {
            "name": "Justify content",
            "type": "Dropdown",
            "description": "Justify content in the active direction.",
            "options": [
                {
                    "name": "Start",
                    "class": "justifyContentStart"
                },
                {
                    "name": "Center",
                    "class": "justifyContentCenter"
                },
                {
                    "name": "End",
                    "class": "justifyContentEnd"
                },
                {
                    "name": "Space between",
                    "class": "justifyContentSpaceBetween"
                },
                {
                    "name": "Space around",
                    "class": "justifyContentSpaceAround"
                },
                {
                    "name": "Space evenly",
                    "class": "justifyContentSpaceEvenly"
                }
            ]
        },
        {
            "name": "Angle",
            "type": "Dropdown",
            "description": "Line of direction. A value of 0 is equivalent to top; increasing values rotates clockwise.",
            "options": [
                {
                    "name": "0 degrees",
                    "class": "angle0"
                },
                {
                    "name": "45 degrees",
                    "class": "angle45"
                },
                {
                    "name": "90 degrees",
                    "class": "angle90"
                }
            ]
        },
        {
            "name": "Opacity",
            "type": "Dropdown",
            "description": "Sets the opacity of the element.",
            "options": [
                {
                    "name": "25%",
                    "class": "opacity25"
                },
                {
                    "name": "50%",
                    "class": "opacity50"
                },
                {
                    "name": "75%",
                    "class": "opacity75"
                },
                {
                    "name": "100%",
                    "class": "opacity100"
                }
            ]
        }
    ]
}
