{
    "Widget": [
        {
            "name": "Spacing top",
            "type": "Dropdown",
            "description": "The spacing above this element.",
            "options": [
                {
                    "name": "Outer none",
                    "oldNames": ["None"],
                    "class": "spacing-outer-top-none"
                },
                {
                    "name": "Outer small",
                    "oldNames": ["Small"],
                    "class": "spacing-outer-top"
                },
                {
                    "name": "Outer medium",
                    "oldNames": ["Medium"],
                    "class": "spacing-outer-top-medium"
                },
                {
                    "name": "Outer large",
                    "oldNames": ["Large"],
                    "class": "spacing-outer-top-large"
                },
                {
                    "name": "Inner none",
                    "class": "spacing-inner-top-none"
                },
                {
                    "name": "Inner small",
                    "class": "spacing-inner-top"
                },
                {
                    "name": "Inner medium",
                    "class": "spacing-inner-top-medium"
                },
                {
                    "name": "Inner large",
                    "class": "spacing-inner-top-large"
                }
            ]
        },
        {
            "name": "Spacing bottom",
            "type": "Dropdown",
            "description": "The spacing below this element.",
            "options": [
                {
                    "name": "Outer none",
                    "oldNames": ["None"],
                    "class": "spacing-outer-bottom-none"
                },
                {
                    "name": "Outer small",
                    "oldNames": ["Small"],
                    "class": "spacing-outer-bottom"
                },
                {
                    "name": "Outer medium",
                    "oldNames": ["Medium"],
                    "class": "spacing-outer-bottom-medium"
                },
                {
                    "name": "Outer large",
                    "oldNames": ["Large"],
                    "class": "spacing-outer-bottom-large"
                },
                {
                    "name": "Inner none",
                    "class": "spacing-inner-bottom-none"
                },
                {
                    "name": "Inner small",
                    "class": "spacing-inner-bottom"
                },
                {
                    "name": "Inner medium",
                    "class": "spacing-inner-bottom-medium"
                },
                {
                    "name": "Inner large",
                    "class": "spacing-inner-bottom-large"
                }
            ]
        },
        {
            "name": "Spacing left",
            "type": "Dropdown",
            "description": "The spacing to the left of this element.",
            "options": [
                {
                    "name": "Outer none",
                    "oldNames": ["None"],
                    "class": "spacing-outer-left-none"
                },
                {
                    "name": "Outer small",
                    "oldNames": ["Small"],
                    "class": "spacing-outer-left"
                },
                {
                    "name": "Outer medium",
                    "oldNames": ["Medium"],
                    "class": "spacing-outer-left-medium"
                },
                {
                    "name": "Outer large",
                    "oldNames": ["Large"],
                    "class": "spacing-outer-left-large"
                },
                {
                    "name": "Inner none",
                    "class": "spacing-inner-left-none"
                },
                {
                    "name": "Inner small",
                    "class": "spacing-inner-left"
                },
                {
                    "name": "Inner medium",
                    "class": "spacing-inner-left-medium"
                },
                {
                    "name": "Inner large",
                    "class": "spacing-inner-left-large"
                }
            ]
        },
        {
            "name": "Spacing right",
            "type": "Dropdown",
            "description": "The spacing to the right of this element.",
            "options": [
                {
                    "name": "Outer none",
                    "oldNames": ["None"],
                    "class": "spacing-outer-right-none"
                },
                {
                    "name": "Outer small",
                    "oldNames": ["Small"],
                    "class": "spacing-outer-right"
                },
                {
                    "name": "Outer medium",
                    "oldNames": ["Medium"],
                    "class": "spacing-outer-right-medium"
                },
                {
                    "name": "Outer large",
                    "oldNames": ["Large"],
                    "class": "spacing-outer-right-large"
                },
                {
                    "name": "Inner none",
                    "class": "spacing-inner-right-none"
                },
                {
                    "name": "Inner small",
                    "class": "spacing-inner-right"
                },
                {
                    "name": "Inner medium",
                    "class": "spacing-inner-right-medium"
                },
                {
                    "name": "Inner large",
                    "class": "spacing-inner-right-large"
                }
            ]
        },
        {
            "name": "Align self",
            "oldNames": ["Align Self"],
            "type": "Dropdown",
            "description": "Float the element to the left or to the right.",
            "options": [
                {
                    "name": "Left",
                    "class": "pull-left"
                },
                {
                    "name": "Right",
                    "class": "pull-right"
                }
            ]
        },
        {
            "name": "Hide on phone",
            "oldNames": ["Hide On Phone"],
            "type": "Toggle",
            "description": "Hide element on phone.",
            "class": "hide-phone"
        },
        {
            "name": "Hide on tablet",
            "oldNames": ["Hide On Tablet"],
            "type": "Toggle",
            "description": "Hide element on tablet.",
            "class": "hide-tablet"
        },
        {
            "name": "Hide on desktop",
            "oldNames": ["Hide On Desktop"],
            "type": "Toggle",
            "description": "Hide element on desktop.",
            "class": "hide-desktop"
        }
    ],
    "DivContainer": [
        {
            "name": "Align content",
            "type": "Dropdown",
            "description": "Align content of this element left, right or center it. Align elements inside the container as a row or as a column.",
            "options": [
                {
                    "name": "Left align as a row",
                    "oldNames": ["Left align as row"],
                    "class": "row-left"
                },
                {
                    "name": "Center align as a row",
                    "oldNames": ["Center align as row"],
                    "class": "row-center"
                },
                {
                    "name": "Right align as a row",
                    "oldNames": ["Right align as row"],
                    "class": "row-right"
                },
                {
                    "name": "Left align as a column",
                    "oldNames": ["Left align as column"],
                    "class": "col-left"
                },
                {
                    "name": "Center align as a column",
                    "oldNames": ["Center align as column"],
                    "class": "col-center"
                },
                {
                    "name": "Right align as a column",
                    "oldNames": ["Right align as column"],
                    "class": "col-right"
                }
            ]
        },
        {
            "name": "Background color",
            "type": "Dropdown",
            "description": "Change the background color of the container.",
            "options": [
                {
                    "name": "Background Primary",
                    "oldNames": ["Background Default"],
                    "class": "background-main"
                },
                {
                    "name": "Background Secondary",
                    "oldNames": ["Background Dashboard"],
                    "class": "background-secondary"
                },
                {
                    "name": "Brand Primary",
                    "oldNames": ["Primary"],
                    "class": "background-primary"
                },
                {
                    "name": "Brand Secondary",
                    "oldNames": ["Default", "Brand Default"],
                    "class": "background-default"
                },
                {
                    "name": "Brand Success",
                    "oldNames": ["Success"],
                    "class": "background-success"
                },
                {
                    "name": "Brand Warning",
                    "oldNames": ["Warning"],
                    "class": "background-warning"
                },
                {
                    "name": "Brand Danger",
                    "oldNames": ["Danger"],
                    "class": "background-danger"
                },
                {
                    "name": "Brand Gradient",
                    "class": "background-brand-gradient"
                }
            ]
        },
        {
            "name": "Shade",
            "type": "Dropdown",
            "description": "Apply a shade to your background color",
            "options": [
                {
                    "name": "Light",
                    "class": "background-light"
                },
                {
                    "name": "Dark",
                    "class": "background-dark"
                }
            ]
        },
        {
            "name": "Add shadow",
            "type": "Dropdown",
            "description": "Add a shadow to this element",
            "options": [
                {
                    "name": "Small",
                    "class": "shadow-small"
                },
                {
                    "name": "Medium",
                    "class": "shadow-medium"
                },
                {
                    "name": "Large",
                    "class": "shadow-large"
                }
            ]
        }
    ],
    "Button": [
        {
            "name": "Size",
            "type": "Dropdown",
            "description": "Size of the buttons",
            "options": [
                {
                    "name": "Small",
                    "class": "btn-sm"
                },
                {
                    "name": "Large",
                    "class": "btn-lg"
                }
            ]
        },
        {
            "name": "Full width",
            "type": "Toggle",
            "description": "Extend the button to the full width of the container it is placed in.",
            "class": "btn-block"
        },
        {
            "name": "Border",
            "oldNames": ["Bordered"],
            "type": "Toggle",
            "description": "Style the button with a transparent background, a colored border, and colored text.",
            "class": "btn-bordered"
        },
        {
            "name": "Align icon",
            "type": "Dropdown",
            "description": "Place the icon to the right or on top of the button.",
            "options": [
                {
                    "name": "Right",
                    "class": "btn-icon-right"
                },
                {
                    "name": "Top",
                    "class": "btn-icon-top"
                }
            ]
        }
    ],
    "ListView": [
        {
            "name": "Style",
            "type": "Dropdown",
            "description": "Change the appearance of rows in the list view.",
            "options": [
                {
                    "name": "Lined",
                    "class": "listview-lined"
                },
                {
                    "name": "Striped",
                    "class": "listview-striped"
                },
                {
                    "name": "Bordered",
                    "class": "listview-bordered"
                },
                {
                    "name": "No Styling",
                    "class": "listview-stylingless"
                }
            ]
        },
        {
            "name": "Hover style",
            "type": "Toggle",
            "description": "Highlight a row when hovering over it. Only useful when the row is clickable.",
            "class": "listview-hover"
        },
        {
            "name": "Row Size",
            "type": "Dropdown",
            "description": "Change the row spacing of the list view.",
            "options": [
                {
                    "name": "Small",
                    "class": "listview-sm"
                },
                {
                    "name": "Large",
                    "class": "listview-lg"
                }
            ]
        }
    ],
    "DataGrid": [
        {
            "name": "Style",
            "type": "Dropdown",
            "description": "Choose one of the following styles to change the appearance of the data grid.",
            "options": [
                {
                    "name": "Striped",
                    "class": "datagrid-striped"
                },
                {
                    "name": "Bordered",
                    "class": "datagrid-bordered"
                },
                {
                    "name": "Lined",
                    "class": "datagrid-lined"
                }
            ]
        },
        {
            "name": "Hover style",
            "type": "Toggle",
            "description": "Enable data grid hover to make the rows hoverable.",
            "class": "datagrid-hover"
        },
        {
            "name": "Row size",
            "type": "Dropdown",
            "description": "Increase or decrease the row spacing of the data grid row.",
            "options": [
                {
                    "name": "Small",
                    "class": "datagrid-sm"
                },
                {
                    "name": "Large",
                    "class": "datagrid-lg"
                }
            ]
        }
    ],
    "TemplateGrid": [
        {
            "name": "Style",
            "type": "Dropdown",
            "description": "Choose one of the following styles to change the appearance of the template grid.",
            "options": [
                {
                    "name": "Striped",
                    "class": "templategrid-striped"
                },
                {
                    "name": "Bordered",
                    "class": "templategrid-bordered"
                },
                {
                    "name": "Lined",
                    "class": "templategrid-lined"
                },
                {
                    "name": "No styling",
                    "class": "templategrid-stylingless"
                }
            ]
        },
        {
            "name": "Hover style",
            "type": "Toggle",
            "description": "Enable template grid hover to make the rows hoverable.",
            "class": "templategrid-hover"
        }
    ],
    "GroupBox": [
        {
            "name": "Style",
            "type": "Dropdown",
            "description": "Choose one of the following styles to change the appearance of the groupbox.",
            "options": [
                {
                    "name": "Brand Primary",
                    "oldNames": ["Primary"],
                    "class": "groupbox-primary"
                },
                {
                    "name": "Brand Secondary",
                    "oldNames": ["Default", "Brand Default"],
                    "class": "groupbox-secondary"
                },
                {
                    "name": "Brand Success",
                    "oldNames": ["Success"],
                    "class": "groupbox-success"
                },
                {
                    "name": "Brand Warning",
                    "oldNames": ["Warning"],
                    "class": "groupbox-warning"
                },
                {
                    "name": "Brand Danger",
                    "oldNames": ["Danger"],
                    "class": "groupbox-danger"
                },
                {
                    "name": "Transparent",
                    "class": "groupbox-transparent"
                }
            ]
        },
        {
            "name": "Callout style",
            "type": "Toggle",
            "description": "Enable the groupbox callout functionality to highlight the importance of the groupbox.",
            "class": "groupbox-callout"
        }
    ],
    "StaticImageViewer": [
        {
            "name": "Style",
            "type": "Dropdown",
            "description": "Choose the style of your image.",
            "options": [
                {
                    "name": "Rounded",
                    "class": "img-rounded"
                },
                {
                    "name": "Thumbnail",
                    "class": "img-thumbnail"
                },
                {
                    "name": "Circle",
                    "class": "img-circle"
                }
            ]
        },
        {
            "name": "Center",
            "type": "Toggle",
            "description": "Align the image in the center of an element.",
            "class": "img-center"
        },
        {
            "name": "Fit",
            "type": "Dropdown",
            "description": "Choose the image fit.",
            "options": [
                {
                    "name": "Fill",
                    "class": "img-fill"
                },
                {
                    "name": "Contain",
                    "class": "img-contain"
                },
                {
                    "name": "Cover",
                    "class": "img-cover"
                },
                {
                    "name": "Scale-down",
                    "class": "img-scale-down"
                }
            ]
        }
    ],
    "DynamicImageViewer": [
        {
            "name": "Style",
            "type": "Dropdown",
            "description": "Choose the style of your image.",
            "options": [
                {
                    "name": "Rounded",
                    "class": "img-rounded"
                },
                {
                    "name": "Thumbnail",
                    "class": "img-thumbnail"
                },
                {
                    "name": "Circle",
                    "class": "img-circle"
                }
            ]
        },
        {
            "name": "Center",
            "type": "Toggle",
            "description": "Align the image in the center of an element.",
            "class": "img-center"
        },
        {
            "name": "Fit",
            "type": "Dropdown",
            "description": "Choose the image fit.",
            "options": [
                {
                    "name": "Fill",
                    "class": "img-fill"
                },
                {
                    "name": "Contain",
                    "class": "img-contain"
                },
                {
                    "name": "Cover",
                    "class": "img-cover"
                },
                {
                    "name": "Scale-down",
                    "class": "img-scale-down"
                }
            ]
        }
    ],
    "Label": [
        {
            "name": "Style",
            "type": "Dropdown",
            "description": "Change the appearance of a label.",
            "options": [
                {
                    "name": "Brand Primary",
                    "oldNames": ["Primary"],
                    "class": "label-primary"
                },
                {
                    "name": "Brand Secondary",
                    "oldNames": ["Default", "Brand Default"],
                    "class": "label-secondary"
                },
                {
                    "name": "Brand Success",
                    "oldNames": ["Success"],
                    "class": "label-success"
                },
                {
                    "name": "Brand Warning",
                    "oldNames": ["Warning"],
                    "class": "label-warning"
                },
                {
                    "name": "Brand Danger",
                    "oldNames": ["Danger"],
                    "class": "label-danger"
                }
            ]
        }
    ],
    "TabContainer": [
        {
            "name": "Style",
            "type": "Dropdown",
            "description": "Change the appearance of the tab container",
            "options": [
                {
                    "name": "Pills",
                    "class": "tab-pills"
                },
                {
                    "name": "Lined",
                    "class": "tab-lined"
                },
                {
                    "name": "Bordered",
                    "class": "tab-bordered"
                },
                {
                    "name": "Wizard",
                    "class": "tab-wizard"
                }
            ]
        },
        {
            "name": "Tab Position",
            "type": "Dropdown",
            "description": "Change the position of the tabs",
            "options": [
                {
                    "name": "Left",
                    "class": "tab-left"
                },
                {
                    "name": "Center",
                    "class": "tab-center"
                },
                {
                    "name": "Right",
                    "class": "tab-right"
                }
            ]
        },
        {
            "name": "Justify",
            "type": "Toggle",
            "description": "Justify the tabs to 100%",
            "class": "tab-justified"
        }
    ],
    "DynamicText": [
        {
            "name": "Size",
            "type": "Dropdown",
            "description": "Make the text smaller or larger.",
            "options": [
                {
                    "name": "Small",
                    "class": "text-small"
                },
                {
                    "name": "Large",
                    "class": "text-large"
                }
            ]
        },
        {
            "name": "Weight",
            "oldNames": ["Font Weight"],
            "type": "Dropdown",
            "description": "Emphasize the text with a heavier or lighter font weight",
            "options": [
                {
                    "name": "Light",
                    "class": "text-light"
                },
                {
                    "name": "Normal",
                    "class": "text-normal"
                },
                {
                    "name": "Semibold",
                    "class": "text-semibold"
                },
                {
                    "name": "Bold",
                    "class": "text-bold"
                }
            ]
        },
        {
            "name": "Color",
            "type": "Dropdown",
            "description": "Change the color of text.",
            "options": [
                {
                    "name": "Header color",
                    "class": "text-header"
                },
                {
                    "name": "Detail color",
                    "class": "text-detail"
                },
                {
                    "name": "Brand Primary",
                    "oldNames": ["Primary"],
                    "class": "text-primary"
                },
                {
                    "name": "Brand Secondary",
                    "oldNames": ["Default", "Brand Default"],
                    "class": "text-secondary"
                },
                {
                    "name": "Brand Success",
                    "oldNames": ["Success"],
                    "class": "text-success"
                },
                {
                    "name": "Brand Warning",
                    "oldNames": ["Warning"],
                    "class": "text-warning"
                },
                {
                    "name": "Brand Danger",
                    "oldNames": ["Danger"],
                    "class": "text-danger"
                },
                {
                    "name": "White",
                    "class": "text-white"
                }
            ]
        },
        {
            "name": "Alignment",
            "type": "Dropdown",
            "description": "Align the text.",
            "options": [
                {
                    "name": "Left",
                    "class": "text-left d-block"
                },
                {
                    "name": "Center",
                    "class": "text-center d-block"
                },
                {
                    "name": "Right",
                    "class": "text-right d-block"
                }
            ]
        },
        {
            "name": "Transform",
            "type": "Dropdown",
            "description": "Change the letter case of the text.",
            "options": [
                {
                    "name": "Lowercase",
                    "class": "text-lowercase"
                },
                {
                    "name": "Uppercase",
                    "class": "text-uppercase"
                },
                {
                    "name": "Capitalize",
                    "class": "text-capitalize"
                }
            ]
        },
        {
            "name": "Wrap options",
            "type": "Dropdown",
            "description": "Break long words and sentences into multiple lines.",
            "options": [
                {
                    "name": "Wrap",
                    "class": "text-break"
                },
                {
                    "name": "No Wrap",
                    "class": "text-nowrap"
                }
            ]
        }
    ],
    "Table": [
        {
            "name": "Style",
            "type": "Dropdown",
            "description": "Change the appearance of cells in the table.",
            "options": [
                {
                    "name": "Bordered",
                    "class": "table-bordered"
                },
                {
                    "name": "Lined",
                    "class": "table-lined"
                }
            ]
        },
        {
            "name": "Compact",
            "type": "Toggle",
            "description": "Change the spacing between cells to be compact.",
            "class": "table-compact"
        }
    ],
    "com.mendix.widget.custom.badge.Badge": [
        {
            "name": "Style",
            "type": "Dropdown",
            "description": "The brand style affecting this element's appearance.",
            "options": [
                {
                    "name": "Brand Primary",
                    "class": "label-primary"
                },
                {
                    "name": "Brand Secondary",
                    "class": "label-secondary"
                },
                {
                    "name": "Brand Success",
                    "class": "label-success"
                },
                {
                    "name": "Brand Warning",
                    "class": "label-warning"
                },
                {
                    "name": "Brand Danger",
                    "class": "label-danger"
                }
            ]
        }
    ],
    "com.mendix.widget.custom.progressbar.ProgressBar": [
        {
            "name": "Striped bar",
            "type": "Toggle",
            "description": "Striped progress bar",
            "class": "progress-striped"
        },
        {
            "name": "Bar color",
            "type": "Dropdown",
            "description": "Color of the progress bar",
            "options": [
                {
                    "name": "Primary",
                    "class": "progress-bar-primary"
                },
                {
                    "name": "Success",
                    "class": "progress-bar-success"
                },
                {
                    "name": "Warning",
                    "class": "progress-bar-warning"
                },
                {
                    "name": "Danger",
                    "class": "progress-bar-danger"
                }
            ]
        },
        {
            "name": "Size",
            "type": "Dropdown",
            "description": "Size of the progress bar",
            "options": [
                {
                    "name": "Small",
                    "class": "progress-bar-small"
                },
                {
                    "name": "Medium",
                    "class": "progress-bar-medium"
                },
                {
                    "name": "Large",
                    "class": "progress-bar-large"
                }
            ]
        }
    ],
    "com.mendix.widget.custom.badgebutton.BadgeButton": [
        {
            "name": "Style",
            "type": "Dropdown",
            "description": "The brand style affecting this element's appearance.",
            "options": [
                {
                    "name": "Brand Primary",
                    "class": "btn-primary"
                },
                {
                    "name": "Brand Secondary",
                    "class": "btn-secondary"
                },
                {
                    "name": "Brand Success",
                    "class": "btn-success"
                },
                {
                    "name": "Brand Warning",
                    "class": "btn-warning"
                },
                {
                    "name": "Brand Danger",
                    "class": "btn-danger"
                }
            ]
        },
        {
            "name": "Size",
            "type": "Dropdown",
            "description": "Size of the buttons",
            "options": [
                {
                    "name": "Small",
                    "class": "btn-sm"
                },
                {
                    "name": "Large",
                    "class": "btn-lg"
                }
            ]
        },
        {
            "name": "Full width",
            "type": "Toggle",
            "description": "Extend the button to the full width of the container it is placed in.",
            "class": "btn-block"
        },
        {
            "name": "Border",
            "oldNames": ["Bordered"],
            "type": "Toggle",
            "description": "Style the button with a transparent background, a colored border, and colored text.",
            "class": "btn-bordered"
        }
    ],
    "com.mendix.widget.custom.progresscircle.ProgressCircle": [
        {
            "name": "Bar color",
            "type": "Dropdown",
            "description": "Color of the progress bar",
            "options": [
                {
                    "name": "Primary",
                    "class": "widget-progress-circle-primary"
                },
                {
                    "name": "Success",
                    "class": "widget-progress-circle-success"
                },
                {
                    "name": "Warning",
                    "class": "widget-progress-circle-warning"
                },
                {
                    "name": "Danger",
                    "class": "widget-progress-circle-danger"
                }
            ]
        },
        {
            "name": "Size",
            "type": "Dropdown",
            "description": "Thickness of the progress circle",
            "options": [
                {
                    "name": "Small",
                    "class": "widget-progress-circle-thickness-small"
                },
                {
                    "name": "Medium",
                    "class": "widget-progress-circle-thickness-medium"
                },
                {
                    "name": "Large",
                    "class": "widget-progress-circle-thickness-large"
                }
            ]
        }
    ],
    "com.mendix.widget.custom.switch.Switch": [
        {
            "name": "Style",
            "type": "Dropdown",
            "description": "The brand style affecting this element's appearance.",
            "options": [
                {
                    "name": "Brand Primary",
                    "class": "widget-switch-brand-primary"
                },
                {
                    "name": "Brand Secondary",
                    "class": "widget-switch-brand-secondary"
                },
                {
                    "name": "Brand Success",
                    "class": "widget-switch-brand-success"
                },
                {
                    "name": "Brand Warning",
                    "class": "widget-switch-brand-warning"
                },
                {
                    "name": "Brand Danger",
                    "class": "widget-switch-brand-danger"
                }
            ]
        },
        {
            "name": "Device style",
            "type": "Dropdown",
            "description": "The general appearance of the switch. When no option selected iOS styles are applied",
            "options": [
                {
                    "name": "iOS",
                    "class": "iOS"
                },
                {
                    "name": "Android",
                    "class": "android"
                }
            ]
        }
    ],
    "MenuBar": [
        {
            "name": "Hide icons",
            "type": "Toggle",
            "description": "Hide the navigation items icon",
            "class": "hide-icons"
        }
    ],
    "NavigationTree": [
        {
            "name": "Hide icons",
            "type": "Toggle",
            "description": "Hide the navigation items icon",
            "class": "hide-icons"
        }
    ],
    "SimpleMenuBar": [
        {
            "name": "Hide icons",
            "type": "Toggle",
            "description": "Hide the navigation items icon",
            "class": "hide-icons"
        }
    ],
    "com.mendix.widget.custom.starrating.StarRating": [
        {
            "name": "Size",
            "type": "Dropdown",
            "description": "Change size of the rating icon/image. Default is medium.",
            "options": [
                {
                    "name": "Small",
                    "class": "widget-rating-small"
                },
                {
                    "name": "Large",
                    "class": "widget-rating-large"
                }
            ]
        }
    ],
    "com.mendix.widget.web.accordion.Accordion": [
        {
            "name": "Borders",
            "type": "Dropdown",
            "description": "Change the border appearance. By default, only horizontal borders between groups are applied.",
            "options": [
                {
                    "name": "All",
                    "class": "widget-accordion-bordered-all"
                },
                {
                    "name": "Horizontal",
                    "class": "widget-accordion-bordered-horizontal"
                },
                {
                    "name": "None",
                    "class": "widget-accordion-bordered-none"
                }
            ]
        },
        {
            "name": "Striped",
            "type": "Toggle",
            "description": "Add alternating background colors to groups in the accordion.",
            "class": "widget-accordion-striped"
        },
        {
            "name": "Compact",
            "type": "Toggle",
            "description": "Make groups in the accordion more compact.",
            "class": "widget-accordion-compact"
        }
    ],
    "com.mendix.widget.web.image.Image": [
        {
            "name": "Align content",
            "type": "Dropdown",
            "description": "Align content of this element left, right or center it. Align elements inside the container as a row or as a column.",
            "options": [
                {
                    "name": "Left align as a row",
                    "class": "row-left"
                },
                {
                    "name": "Center align as a row",
                    "class": "row-center"
                },
                {
                    "name": "Right align as a row",
                    "class": "row-right"
                },
                {
                    "name": "Left align as a column",
                    "class": "col-left"
                },
                {
                    "name": "Center align as a column",
                    "class": "col-center"
                },
                {
                    "name": "Right align as a column",
                    "class": "col-right"
                }
            ]
        },
        {
            "name": "Image style",
            "type": "Dropdown",
            "description": "Change the image style.",
            "options": [
                {
                    "name": "Rounded",
                    "class": "img-rounded"
                },
                {
                    "name": "Circle",
                    "class": "img-circle"
                },
                {
                    "name": "Square",
                    "class": "img-square"
                }
            ]
        },
        {
            "name": "Center image",
            "type": "Toggle",
            "description": "Center the image.",
            "class": "img-center"
        },
        {
            "name": "Image fit",
            "type": "Dropdown",
            "description": "Change the fit of the image.",
            "options": [
                {
                    "name": "Fill",
                    "class": "img-fill"
                },
                {
                    "name": "Contain",
                    "class": "img-contain"
                },
                {
                    "name": "Cover",
                    "class": "img-cover"
                },
                {
                    "name": "Scale-down",
                    "class": "img-scale-down"
                },
                {
                    "name": "Auto",
                    "class": "img-auto"
                }
            ]
        },
        {
            "name": "Opacity",
            "type": "Dropdown",
            "description": "Change the opacity of the image.",
            "options": [
                {
                    "name": "Low",
                    "class": "img-opacity-low"
                },
                {
                    "name": "Medium",
                    "class": "img-opacity-medium"
                },
                {
                    "name": "High",
                    "class": "img-opacity-high"
                }
            ]
        }
    ],
    "com.mendix.widget.custom.slider.Slider": [
        {
            "name": "Style",
            "type": "Dropdown",
            "description": "The brand style affecting this element's appearance.",
            "options": [
                {
                    "name": "Brand Primary",
                    "class": "widget-slider-primary"
                },

                {
                    "name": "Brand Success",
                    "class": "widget-slider-success"
                },
                {
                    "name": "Brand Warning",
                    "class": "widget-slider-warning"
                },
                {
                    "name": "Brand Danger",
                    "class": "widget-slider-danger"
                }
            ]
        }
    ],
    "com.mendix.widget.web.tooltip.Tooltip": [
        {
            "name": "Show inline",
            "type": "Toggle",
            "description": "Show the widget as an inline element.",
            "class": "widget-tooltip-inline"
        }
    ],
    "com.mendix.widget.custom.RangeSlider.RangeSlider": [
        {
            "name": "Style",
            "type": "Dropdown",
            "description": "The brand style affecting this element's appearance.",
            "options": [
                {
                    "name": "Brand Primary",
                    "class": "widget-range-slider-primary"
                },

                {
                    "name": "Brand Success",
                    "class": "widget-range-slider-success"
                },
                {
                    "name": "Brand Warning",
                    "class": "widget-range-slider-warning"
                },
                {
                    "name": "Brand Danger",
                    "class": "widget-range-slider-danger"
                }
            ]
        }
    ]
}
