[{"react-native-geocoder":{"version":"0.5.0","transitive":false,"url":"https://github.com/devfd/react-native-geocoder"}},{"@react-native-community/geolocation":{"version":"2.0.2","transitive":false,"url":"https://github.com/react-native-community/react-native-geolocation#README.md"}},{"react-native-geolocation-service":{"version":"5.2.0","transitive":false,"url":"https://github.com/Agontuk/react-native-geolocation-service"}},{"@react-native-community/async-storage":{"version":"1.12.1","transitive":false,"url":"https://github.com/react-native-community/react-native-async-storage#readme"}},{"deep-assign":{"version":"3.0.0","transitive":true,"url":null}},{"is-obj":{"version":"1.0.1","transitive":true,"url":null}}]