﻿<?xml version='1.0' encoding='utf-8'?><m:page id='25ca3623-7d5c-4c95-bf40-1bdaa79141f0' xmlns='http://www.w3.org/1999/xhtml' title='New Account' closeButton='0.Administration.Account_New.cancelButton1' xmlns:m='http://schemas.mendix.com/forms/1.0'><m:parameters>["AccountPasswordData"]</m:parameters><m:layouts><m:layout path='Atlas_Core/PopupLayout.layout.xml'></m:layout></m:layouts><m:arguments><m:argument parameterName='1f869e80-cebc-4255-93be-cb47447ba548'><div data-mendix-id='0.Administration.Account_New.layoutGrid1' data-mendix-type='mxui.widget.ReactWidgetWrapper' data-mendix-props='"widgetTree":[{"$widgetId":"0.Administration.Account_New.layoutGrid1","widget":"Div","props":{"class":"mx-name-layoutGrid1 mx-layoutgrid mx-layoutgrid-fluid container-fluid","content":[{"$widgetId":"0.Administration.Account_New.layoutGrid1$row0","widget":"Div","props":{"class":"row","content":[{"$widgetId":"0.Administration.Account_New.layoutGrid1$row0$column0","widget":"Div","props":{"class":"col-lg col-md col","content":[{"$widgetId":"0.Administration.Account_New.dataView2","widget":"DataView","props":{"class":"mx-name-dataView2 form-horizontal","object":{"$type":"AssociationObjectProperty","dataSourceId":"0.15","scope":"$AccountPasswordData","editable":true},"emptyMessage":{"$type":"TextProperty","value":""},"body":[{"$widgetId":"0.Administration.Account_New.dataView1","widget":"DataView","props":{"class":"mx-name-dataView1 form-horizontal","object":{"$type":"AssociationObjectProperty","dataSourceId":"0.18","scope":"0.Administration.Account_New.dataView2","editable":true,"path":"Administration.AccountPasswordData_Account/Administration.Account","queryId":"sNUaVzQgRUeLqM7qGtHOOA"},"emptyMessage":{"$type":"TextProperty","value":""},"body":[{"$widgetId":"0.Administration.Account_New.textBox6$formGroup","widget":"FormGroup","props":{"class":"mx-name-textBox6 mx-textbox","control":[{"$widgetId":"0.Administration.Account_New.textBox6","widget":"TextBox","props":{"inputValue":{"$type":"AttributeProperty","scope":"0.Administration.Account_New.dataView1","path":"","entity":"Administration.Account","attribute":"FullName","onChange":{"type":"doNothing","argMap":{},"config":{},"disabledDuringExecution":false},"validation":null,"formatting":{}},"isPassword":false,"placeholder":{"$type":"TextProperty","value":""},"mask":"","readOnlyStyle":"text","maxLength":200,"onEnter":null,"onLeave":null,"onEnterKeyPress":null,"autocomplete":"on","submitWhileEditing":false,"submitDelay":300,"id":{"$type":"DerivedUniqueIdProperty","widgetId":"0.Administration.Account_New.textBox6"}}}],"caption":{"$type":"ExpressionProperty","expression":{"expr":{"type":"literal","value":"Full name"},"args":{}}},"labelFor":{"$type":"DerivedUniqueIdProperty","widgetId":"0.Administration.Account_New.textBox6"},"width":3,"orientation":"horizontal","hasError":{"$type":"ValidationProperty","inputWidgetId":"0.Administration.Account_New.textBox6"}}},{"$widgetId":"0.Administration.Account_New.textBox9$formGroup","widget":"FormGroup","props":{"class":"mx-name-textBox9 mx-textbox","control":[{"$widgetId":"0.Administration.Account_New.textBox9","widget":"TextBox","props":{"inputValue":{"$type":"AttributeProperty","scope":"0.Administration.Account_New.dataView1","path":"","entity":"Administration.Account","attribute":"Name","onChange":{"type":"doNothing","argMap":{},"config":{},"disabledDuringExecution":false},"validation":null,"formatting":{}},"isPassword":false,"placeholder":{"$type":"TextProperty","value":""},"mask":"","readOnlyStyle":"text","maxLength":100,"onEnter":null,"onLeave":null,"onEnterKeyPress":null,"autocomplete":"on","submitWhileEditing":false,"submitDelay":300,"id":{"$type":"DerivedUniqueIdProperty","widgetId":"0.Administration.Account_New.textBox9"}}}],"caption":{"$type":"ExpressionProperty","expression":{"expr":{"type":"literal","value":"User name"},"args":{}}},"labelFor":{"$type":"DerivedUniqueIdProperty","widgetId":"0.Administration.Account_New.textBox9"},"width":3,"orientation":"horizontal","hasError":{"$type":"ValidationProperty","inputWidgetId":"0.Administration.Account_New.textBox9"}}},{"$widgetId":"0.Administration.Account_New.referenceSetSelector2$formGroup","widget":"FormGroup","props":{"class":"mx-name-referenceSetSelector2 mx-referencesetselector mx-inputreferencesetselector","control":[{"$widgetId":"0.Administration.Account_New.referenceSetSelector2","widget":"ReferenceSetInput","props":{"readOnlyStyle":"text","value":{"$type":"AttributeProperty","scope":"0.Administration.Account_New.dataView1","path":"","entity":"Administration.Account","attribute":"System.UserRoles","onChange":{"type":"doNothing","argMap":{},"config":{},"disabledDuringExecution":false}},"valueItems":{"$type":"AssociationObjectListProperty","dataSourceId":"0.2","entity":"System.UserRole","scope":"0.Administration.Account_New.dataView1","queryId":"8qrYYrUGH0Kim6ko8mCx2A","directPath":"System.UserRoles/System.UserRole"},"valueAttribute":{"$type":"ListAttributeProperty","path":"","entity":"System.UserRole","attribute":"Name","attributeType":"String","sortable":true,"filterable":true,"dataSourceId":"0.2"},"valueScope":{"$type":"AssociationObjectProperty","dataSourceId":"0.28","scope":"0.Administration.Account_New.dataView1","editable":false},"selectPage":{"config":{"name":"Administration/UserRole_Select.page.xml","location":"modal","resizable":true}},"id":{"$type":"DerivedUniqueIdProperty","widgetId":"0.Administration.Account_New.referenceSetSelector2"}}}],"caption":{"$type":"ExpressionProperty","expression":{"expr":{"type":"literal","value":"User role"},"args":{}}},"labelFor":{"$type":"DerivedUniqueIdProperty","widgetId":"0.Administration.Account_New.referenceSetSelector2"},"width":3,"orientation":"horizontal","hasError":{"$type":"ValidationProperty","inputWidgetId":"0.Administration.Account_New.referenceSetSelector2"}}},{"$widgetId":"0.Administration.Account_New.checkBox1$formGroup","widget":"FormGroup","props":{"class":"mx-name-checkBox1 mx-checkbox","control":[{"$widgetId":"0.Administration.Account_New.checkBox1","widget":"CheckBox","props":{"value":{"$type":"AttributeProperty","scope":"0.Administration.Account_New.dataView1","path":"","entity":"Administration.Account","attribute":"Blocked","onChange":{"type":"doNothing","argMap":{},"config":{},"disabledDuringExecution":false},"validation":null},"readOnlyStyle":"text","onEnter":null,"onLeave":null,"id":{"$type":"DerivedUniqueIdProperty","widgetId":"0.Administration.Account_New.checkBox1"}}}],"caption":{"$type":"ExpressionProperty","expression":{"expr":{"type":"literal","value":"Blocked"},"args":{}}},"labelFor":{"$type":"DerivedUniqueIdProperty","widgetId":"0.Administration.Account_New.checkBox1"},"width":3,"orientation":"horizontal","hasError":{"$type":"ValidationProperty","inputWidgetId":"0.Administration.Account_New.checkBox1"}}},{"$widgetId":"0.Administration.Account_New.checkBox2$formGroup","widget":"FormGroup","props":{"class":"mx-name-checkBox2 mx-checkbox","control":[{"$widgetId":"0.Administration.Account_New.checkBox2","widget":"CheckBox","props":{"value":{"$type":"AttributeProperty","scope":"0.Administration.Account_New.dataView1","path":"","entity":"Administration.Account","attribute":"Active","onChange":{"type":"doNothing","argMap":{},"config":{},"disabledDuringExecution":false},"validation":null},"readOnlyStyle":"text","onEnter":null,"onLeave":null,"id":{"$type":"DerivedUniqueIdProperty","widgetId":"0.Administration.Account_New.checkBox2"}}}],"caption":{"$type":"ExpressionProperty","expression":{"expr":{"type":"literal","value":"Active"},"args":{}}},"labelFor":{"$type":"DerivedUniqueIdProperty","widgetId":"0.Administration.Account_New.checkBox2"},"width":3,"orientation":"horizontal","hasError":{"$type":"ValidationProperty","inputWidgetId":"0.Administration.Account_New.checkBox2"}}},{"$widgetId":"0.Administration.Account_New.referenceSelector1$formGroup","widget":"FormGroup","props":{"class":"mx-name-referenceSelector1 mx-referenceselector","control":[{"$widgetId":"0.Administration.Account_New.referenceSelector1","widget":"ReferenceSelector","props":{"valueOptions":{"$type":"DatabaseObjectListProperty","dataSourceId":"0.3","entity":"System.Language","scope":"0.Administration.Account_New.dataView1","fetchOnlyWithAllParams":true,"queryId":"mgVnfwJ+8ke7PmnrzodhLg","sort":[["Description","asc"]]},"value":{"$type":"AssociationProperty","type":"Reference","entity":"Administration.Account","path":"","attribute":"System.User_Language","endpointEntity":"System.Language","selectableObjectsId":"0.3","scope":"0.Administration.Account_New.dataView1","validation":null,"onChange":{"type":"doNothing","argMap":{},"config":{},"disabledDuringExecution":false}},"readOnlyStyle":"text","attribute":{"$type":"ListAttributeProperty","path":"","entity":"System.Language","attribute":"Description","attributeType":"String","sortable":true,"filterable":true,"dataSourceId":"0.3","formatting":{}},"id":{"$type":"DerivedUniqueIdProperty","widgetId":"0.Administration.Account_New.referenceSelector1"}}}],"caption":{"$type":"ExpressionProperty","expression":{"expr":{"type":"literal","value":"Language"},"args":{}}},"labelFor":{"$type":"DerivedUniqueIdProperty","widgetId":"0.Administration.Account_New.referenceSelector1"},"width":3,"orientation":"horizontal","hasError":{"$type":"ValidationProperty","inputWidgetId":"0.Administration.Account_New.referenceSelector1"}}},{"$widgetId":"0.Administration.Account_New.referenceSelector2$formGroup","widget":"FormGroup","props":{"class":"mx-name-referenceSelector2 mx-referenceselector","control":[{"$widgetId":"0.Administration.Account_New.referenceSelector2","widget":"ReferenceSelector","props":{"valueOptions":{"$type":"MicroflowObjectListProperty","argMap":{},"dataSourceId":"0.4","entity":"System.TimeZone","scope":"0.Administration.Account_New.dataView1","fetchOnlyWithAllParams":true,"operationId":"M2tmiqAYDkWA9sBZjnWSWQ","queryId":"GoCJgm+yHEKm0QpXn5N5hg"},"value":{"$type":"AssociationProperty","type":"Reference","entity":"Administration.Account","path":"","attribute":"System.User_TimeZone","endpointEntity":"System.TimeZone","selectableObjectsId":"0.4","scope":"0.Administration.Account_New.dataView1","validation":null,"onChange":{"type":"doNothing","argMap":{},"config":{},"disabledDuringExecution":false}},"readOnlyStyle":"text","attribute":{"$type":"ListAttributeProperty","path":"","entity":"System.TimeZone","attribute":"Description","attributeType":"String","sortable":true,"filterable":true,"dataSourceId":"0.4","formatting":{}},"id":{"$type":"DerivedUniqueIdProperty","widgetId":"0.Administration.Account_New.referenceSelector2"}}}],"caption":{"$type":"ExpressionProperty","expression":{"expr":{"type":"literal","value":"Time zone"},"args":{}}},"labelFor":{"$type":"DerivedUniqueIdProperty","widgetId":"0.Administration.Account_New.referenceSelector2"},"width":3,"orientation":"horizontal","hasError":{"$type":"ValidationProperty","inputWidgetId":"0.Administration.Account_New.referenceSelector2"}}}],"hideFooter":true,"footer":null}},{"$widgetId":"0.Administration.Account_New.textBox5$formGroup","widget":"FormGroup","props":{"class":"mx-name-textBox5 mx-textbox","control":[{"$widgetId":"0.Administration.Account_New.textBox5","widget":"TextBox","props":{"inputValue":{"$type":"AttributeProperty","scope":"0.Administration.Account_New.dataView2","path":"","entity":"Administration.AccountPasswordData","attribute":"NewPassword","onChange":{"type":"doNothing","argMap":{},"config":{},"disabledDuringExecution":false},"validation":{"message":"The password cannot be empty.","expression":{"expr":{"type":"function","name":"!=","parameters":[{"type":"variable","variable":"value"},{"type":"literal","value":null}]},"args":{}}},"formatting":{}},"isPassword":true,"placeholder":{"$type":"TextProperty","value":""},"mask":"","readOnlyStyle":"text","maxLength":200,"onEnter":null,"onLeave":null,"onEnterKeyPress":null,"autocomplete":"on","submitWhileEditing":false,"submitDelay":300,"ariaRequired":true,"id":{"$type":"DerivedUniqueIdProperty","widgetId":"0.Administration.Account_New.textBox5"}}}],"caption":{"$type":"ExpressionProperty","expression":{"expr":{"type":"literal","value":"New password"},"args":{}}},"labelFor":{"$type":"DerivedUniqueIdProperty","widgetId":"0.Administration.Account_New.textBox5"},"width":3,"orientation":"horizontal","hasError":{"$type":"ValidationProperty","inputWidgetId":"0.Administration.Account_New.textBox5"}}},{"$widgetId":"0.Administration.Account_New.textBox7$formGroup","widget":"FormGroup","props":{"class":"mx-name-textBox7 mx-textbox","control":[{"$widgetId":"0.Administration.Account_New.textBox7","widget":"TextBox","props":{"inputValue":{"$type":"AttributeProperty","scope":"0.Administration.Account_New.dataView2","path":"","entity":"Administration.AccountPasswordData","attribute":"ConfirmPassword","onChange":{"type":"doNothing","argMap":{},"config":{},"disabledDuringExecution":false},"validation":{"message":"The password cannot be empty.","expression":{"expr":{"type":"function","name":"!=","parameters":[{"type":"variable","variable":"value"},{"type":"literal","value":null}]},"args":{}}},"formatting":{}},"isPassword":true,"placeholder":{"$type":"TextProperty","value":""},"mask":"","readOnlyStyle":"text","maxLength":200,"onEnter":null,"onLeave":null,"onEnterKeyPress":null,"autocomplete":"on","submitWhileEditing":false,"submitDelay":300,"ariaRequired":true,"id":{"$type":"DerivedUniqueIdProperty","widgetId":"0.Administration.Account_New.textBox7"}}}],"caption":{"$type":"ExpressionProperty","expression":{"expr":{"type":"literal","value":"Confirm password"},"args":{}}},"labelFor":{"$type":"DerivedUniqueIdProperty","widgetId":"0.Administration.Account_New.textBox7"},"width":3,"orientation":"horizontal","hasError":{"$type":"ValidationProperty","inputWidgetId":"0.Administration.Account_New.textBox7"}}}],"hideFooter":false,"footer":[{"$widgetId":"0.Administration.Account_New.microflowButton1$visibility","widget":"ConditionalVisibilityWrapper","props":{"visible":{"$type":"ExpressionProperty","expression":{"expr":{"type":"function","name":"_hasSomeRole","parameters":[{"type":"literal","value":"Administrator"}]},"args":{}}},"contents":[{"$widgetId":"0.Administration.Account_New.microflowButton1","widget":"ActionButton","props":{"buttonId":"0.Administration.Account_New.microflowButton1","class":"mx-name-microflowButton1","renderType":"button","buttonClass":"btn-success","caption":{"$type":"ExpressionProperty","expression":{"expr":{"type":"literal","value":"Save"},"args":{}}},"tooltip":{"$type":"TextProperty","value":""},"action":{"$type":"ActionProperty","action":{"type":"callMicroflow","argMap":{"AccountPasswordData":{"widget":"$AccountPasswordData","source":"object"}},"config":{"operationId":"oecKWPKaP06YiAUFxgzznw","validate":"view","allowedRoles":["Administrator"]},"disabledDuringExecution":false},"abortOnServerValidation":true}}}]}},{"$widgetId":"0.Administration.Account_New.cancelButton1","widget":"ActionButton","props":{"buttonId":"0.Administration.Account_New.cancelButton1","class":"mx-name-cancelButton1","renderType":"button","buttonClass":"btn-default","caption":{"$type":"ExpressionProperty","expression":{"expr":{"type":"literal","value":"Cancel"},"args":{}}},"tooltip":{"$type":"TextProperty","value":""},"action":{"$type":"ActionProperty","action":{"type":"cancelChanges","argMap":{},"config":{"operationId":"hHpU3s7bSUiKXL2ZsIo85Q","closePage":true},"disabledDuringExecution":true},"abortOnServerValidation":true}}}]}}]}}]}}]}}],"listenTargets":[]'></div></m:argument></m:arguments></m:page>