﻿<?xml version='1.0' encoding='utf-8'?><m:page id='e2aa44f2-3c8c-44ad-8716-37d2c1186451' xmlns='http://www.w3.org/1999/xhtml' title='Edit Account' closeButton='2.Administration.Account_Edit.cancelButton1' xmlns:m='http://schemas.mendix.com/forms/1.0'><m:parameters>["Account"]</m:parameters><m:layouts><m:layout path='Atlas_Core/PopupLayout.layout.xml'></m:layout></m:layouts><m:arguments><m:argument parameterName='1f869e80-cebc-4255-93be-cb47447ba548'><div data-mendix-id='2.Administration.Account_Edit.layoutGrid1' data-mendix-type='mxui.widget.ReactWidgetWrapper' data-mendix-props='"widgetTree":[{"$widgetId":"2.Administration.Account_Edit.layoutGrid1","widget":"Div","props":{"class":"mx-name-layoutGrid1 mx-layoutgrid mx-layoutgrid-fluid container-fluid","content":[{"$widgetId":"2.Administration.Account_Edit.layoutGrid1$row0","widget":"Div","props":{"class":"row","content":[{"$widgetId":"2.Administration.Account_Edit.layoutGrid1$row0$column0","widget":"Div","props":{"class":"col-lg col-md col","content":[{"$widgetId":"2.Administration.Account_Edit.dataView1","widget":"DataView","props":{"class":"mx-name-dataView1 form-horizontal","object":{"$type":"AssociationObjectProperty","dataSourceId":"2.17","scope":"$Account","editable":true},"emptyMessage":{"$type":"TextProperty","value":""},"body":[{"$widgetId":"2.Administration.Account_Edit.label4$visibility","widget":"ConditionalVisibilityWrapper","props":{"visible":{"$type":"ExpressionProperty","expression":{"expr":{"type":"function","name":"not","parameters":[{"type":"variable","variable":"currentObject","path":"IsLocalUser"}]},"args":{"currentObject":"2.Administration.Account_Edit.dataView1"}}},"contents":[{"$widgetId":"2.Administration.Account_Edit.label4","widget":"Label","props":{"class":"mx-name-label4 alert alert-warning","style":{"width":"100%"},"id":{"$type":"DerivedUniqueIdProperty","widgetId":"2.Administration.Account_Edit.label4"},"caption":{"$type":"TextProperty","value":"Mendix AppCloud users are provisioned by the AppCloudServices module, any changes made in this form might get overwritten. "}}}]}},{"$widgetId":"2.Administration.Account_Edit.textBox6$formGroup","widget":"FormGroup","props":{"class":"mx-name-textBox6 mx-textbox","control":[{"$widgetId":"2.Administration.Account_Edit.textBox6","widget":"TextBox","props":{"inputValue":{"$type":"AttributeProperty","scope":"2.Administration.Account_Edit.dataView1","path":"","entity":"Administration.Account","attribute":"FullName","onChange":{"type":"doNothing","argMap":{},"config":{},"disabledDuringExecution":false},"validation":null,"formatting":{}},"isPassword":false,"placeholder":{"$type":"TextProperty","value":""},"mask":"","readOnlyStyle":"text","maxLength":200,"onEnter":null,"onLeave":null,"onEnterKeyPress":null,"autocomplete":"on","submitWhileEditing":false,"submitDelay":300,"id":{"$type":"DerivedUniqueIdProperty","widgetId":"2.Administration.Account_Edit.textBox6"}}}],"caption":{"$type":"ExpressionProperty","expression":{"expr":{"type":"literal","value":"Full name"},"args":{}}},"labelFor":{"$type":"DerivedUniqueIdProperty","widgetId":"2.Administration.Account_Edit.textBox6"},"width":3,"orientation":"horizontal","hasError":{"$type":"ValidationProperty","inputWidgetId":"2.Administration.Account_Edit.textBox6"}}},{"$widgetId":"2.Administration.Account_Edit.textBox9$formGroup$visibility","widget":"ConditionalVisibilityWrapper","props":{"visible":{"$type":"ExpressionProperty","expression":{"expr":{"type":"variable","variable":"currentObject","path":"IsLocalUser"},"args":{"currentObject":"2.Administration.Account_Edit.dataView1"}}},"contents":[{"$widgetId":"2.Administration.Account_Edit.textBox9$formGroup","widget":"FormGroup","props":{"class":"mx-name-textBox9 mx-textbox","control":[{"$widgetId":"2.Administration.Account_Edit.textBox9","widget":"TextBox","props":{"inputValue":{"$type":"AttributeProperty","scope":"2.Administration.Account_Edit.dataView1","path":"","entity":"Administration.Account","attribute":"Name","onChange":{"type":"doNothing","argMap":{},"config":{},"disabledDuringExecution":false},"validation":null,"formatting":{}},"isPassword":false,"placeholder":{"$type":"TextProperty","value":""},"mask":"","readOnlyStyle":"text","maxLength":100,"onEnter":null,"onLeave":null,"onEnterKeyPress":null,"autocomplete":"on","submitWhileEditing":false,"submitDelay":300,"id":{"$type":"DerivedUniqueIdProperty","widgetId":"2.Administration.Account_Edit.textBox9"}}}],"caption":{"$type":"ExpressionProperty","expression":{"expr":{"type":"literal","value":"User name"},"args":{}}},"labelFor":{"$type":"DerivedUniqueIdProperty","widgetId":"2.Administration.Account_Edit.textBox9"},"width":3,"orientation":"horizontal","hasError":{"$type":"ValidationProperty","inputWidgetId":"2.Administration.Account_Edit.textBox9"}}}]}},{"$widgetId":"2.Administration.Account_Edit.textBox92$formGroup$visibility","widget":"ConditionalVisibilityWrapper","props":{"visible":{"$type":"ExpressionProperty","expression":{"expr":{"type":"variable","variable":"currentObject","path":"IsLocalUser"},"args":{"currentObject":"2.Administration.Account_Edit.dataView1"}}},"contents":[{"$widgetId":"2.Administration.Account_Edit.textBox92$formGroup","widget":"FormGroup","props":{"class":"mx-name-textBox92 mx-textbox","control":[{"$widgetId":"2.Administration.Account_Edit.textBox92","widget":"TextBox","props":{"inputValue":{"$type":"AttributeProperty","scope":"2.Administration.Account_Edit.dataView1","path":"","entity":"Administration.Account","attribute":"Name","onChange":{"type":"doNothing","argMap":{},"config":{},"disabledDuringExecution":false},"isEditable":{"expr":{"type":"literal","value":false},"args":{}},"validation":null,"formatting":{}},"isPassword":false,"placeholder":{"$type":"TextProperty","value":""},"mask":"","readOnlyStyle":"text","maxLength":100,"onEnter":null,"onLeave":null,"onEnterKeyPress":null,"autocomplete":"on","submitWhileEditing":false,"submitDelay":300,"id":{"$type":"DerivedUniqueIdProperty","widgetId":"2.Administration.Account_Edit.textBox92"}}}],"caption":{"$type":"ExpressionProperty","expression":{"expr":{"type":"literal","value":"OpenID"},"args":{}}},"labelFor":{"$type":"DerivedUniqueIdProperty","widgetId":"2.Administration.Account_Edit.textBox92"},"width":3,"orientation":"horizontal","hasError":{"$type":"ValidationProperty","inputWidgetId":"2.Administration.Account_Edit.textBox92"}}}]}},{"$widgetId":"2.Administration.Account_Edit.referenceSetSelector2$formGroup","widget":"FormGroup","props":{"class":"mx-name-referenceSetSelector2 mx-referencesetselector mx-inputreferencesetselector","control":[{"$widgetId":"2.Administration.Account_Edit.referenceSetSelector2","widget":"ReferenceSetInput","props":{"readOnlyStyle":"text","value":{"$type":"AttributeProperty","scope":"2.Administration.Account_Edit.dataView1","path":"","entity":"Administration.Account","attribute":"System.UserRoles","onChange":{"type":"doNothing","argMap":{},"config":{},"disabledDuringExecution":false}},"valueItems":{"$type":"AssociationObjectListProperty","dataSourceId":"2.2","entity":"System.UserRole","scope":"2.Administration.Account_Edit.dataView1","queryId":"bTZn4rCEAUmBnWRdV5dX6w","directPath":"System.UserRoles/System.UserRole"},"valueAttribute":{"$type":"ListAttributeProperty","path":"","entity":"System.UserRole","attribute":"Name","attributeType":"String","sortable":true,"filterable":true,"dataSourceId":"2.2"},"valueScope":{"$type":"AssociationObjectProperty","dataSourceId":"2.38","scope":"2.Administration.Account_Edit.dataView1","editable":false},"selectPage":{"config":{"name":"Administration/UserRole_Select.page.xml","location":"modal","resizable":true}},"id":{"$type":"DerivedUniqueIdProperty","widgetId":"2.Administration.Account_Edit.referenceSetSelector2"}}}],"caption":{"$type":"ExpressionProperty","expression":{"expr":{"type":"literal","value":"User role"},"args":{}}},"labelFor":{"$type":"DerivedUniqueIdProperty","widgetId":"2.Administration.Account_Edit.referenceSetSelector2"},"width":3,"orientation":"horizontal","hasError":{"$type":"ValidationProperty","inputWidgetId":"2.Administration.Account_Edit.referenceSetSelector2"}}},{"$widgetId":"2.Administration.Account_Edit.checkBox1$formGroup","widget":"FormGroup","props":{"class":"mx-name-checkBox1 mx-checkbox","control":[{"$widgetId":"2.Administration.Account_Edit.checkBox1","widget":"CheckBox","props":{"value":{"$type":"AttributeProperty","scope":"2.Administration.Account_Edit.dataView1","path":"","entity":"Administration.Account","attribute":"Blocked","onChange":{"type":"doNothing","argMap":{},"config":{},"disabledDuringExecution":false},"validation":null},"readOnlyStyle":"text","onEnter":null,"onLeave":null,"id":{"$type":"DerivedUniqueIdProperty","widgetId":"2.Administration.Account_Edit.checkBox1"}}}],"caption":{"$type":"ExpressionProperty","expression":{"expr":{"type":"literal","value":"Blocked"},"args":{}}},"labelFor":{"$type":"DerivedUniqueIdProperty","widgetId":"2.Administration.Account_Edit.checkBox1"},"width":3,"orientation":"horizontal","hasError":{"$type":"ValidationProperty","inputWidgetId":"2.Administration.Account_Edit.checkBox1"}}},{"$widgetId":"2.Administration.Account_Edit.checkBox2$formGroup","widget":"FormGroup","props":{"class":"mx-name-checkBox2 mx-checkbox","control":[{"$widgetId":"2.Administration.Account_Edit.checkBox2","widget":"CheckBox","props":{"value":{"$type":"AttributeProperty","scope":"2.Administration.Account_Edit.dataView1","path":"","entity":"Administration.Account","attribute":"Active","onChange":{"type":"doNothing","argMap":{},"config":{},"disabledDuringExecution":false},"validation":null},"readOnlyStyle":"text","onEnter":null,"onLeave":null,"id":{"$type":"DerivedUniqueIdProperty","widgetId":"2.Administration.Account_Edit.checkBox2"}}}],"caption":{"$type":"ExpressionProperty","expression":{"expr":{"type":"literal","value":"Active"},"args":{}}},"labelFor":{"$type":"DerivedUniqueIdProperty","widgetId":"2.Administration.Account_Edit.checkBox2"},"width":3,"orientation":"horizontal","hasError":{"$type":"ValidationProperty","inputWidgetId":"2.Administration.Account_Edit.checkBox2"}}},{"$widgetId":"2.Administration.Account_Edit.referenceSelector1$formGroup","widget":"FormGroup","props":{"class":"mx-name-referenceSelector1 mx-referenceselector","control":[{"$widgetId":"2.Administration.Account_Edit.referenceSelector1","widget":"ReferenceSelector","props":{"valueOptions":{"$type":"DatabaseObjectListProperty","dataSourceId":"2.3","entity":"System.Language","scope":"2.Administration.Account_Edit.dataView1","fetchOnlyWithAllParams":true,"queryId":"Cv2SUFiP006WImwkIHaQGA","sort":[["Description","asc"]]},"value":{"$type":"AssociationProperty","type":"Reference","entity":"Administration.Account","path":"","attribute":"System.User_Language","endpointEntity":"System.Language","selectableObjectsId":"2.3","scope":"2.Administration.Account_Edit.dataView1","validation":null,"onChange":{"type":"doNothing","argMap":{},"config":{},"disabledDuringExecution":false}},"readOnlyStyle":"text","attribute":{"$type":"ListAttributeProperty","path":"","entity":"System.Language","attribute":"Description","attributeType":"String","sortable":true,"filterable":true,"dataSourceId":"2.3","formatting":{}},"id":{"$type":"DerivedUniqueIdProperty","widgetId":"2.Administration.Account_Edit.referenceSelector1"}}}],"caption":{"$type":"ExpressionProperty","expression":{"expr":{"type":"literal","value":"Language"},"args":{}}},"labelFor":{"$type":"DerivedUniqueIdProperty","widgetId":"2.Administration.Account_Edit.referenceSelector1"},"width":3,"orientation":"horizontal","hasError":{"$type":"ValidationProperty","inputWidgetId":"2.Administration.Account_Edit.referenceSelector1"}}},{"$widgetId":"2.Administration.Account_Edit.referenceSelector2$formGroup","widget":"FormGroup","props":{"class":"mx-name-referenceSelector2 mx-referenceselector","control":[{"$widgetId":"2.Administration.Account_Edit.referenceSelector2","widget":"ReferenceSelector","props":{"valueOptions":{"$type":"MicroflowObjectListProperty","argMap":{},"dataSourceId":"2.4","entity":"System.TimeZone","scope":"2.Administration.Account_Edit.dataView1","fetchOnlyWithAllParams":true,"operationId":"QuXDnd8kzUiATRk7ER4mkQ","queryId":"x4NKapenMUSr9+vdXF/KOg"},"value":{"$type":"AssociationProperty","type":"Reference","entity":"Administration.Account","path":"","attribute":"System.User_TimeZone","endpointEntity":"System.TimeZone","selectableObjectsId":"2.4","scope":"2.Administration.Account_Edit.dataView1","validation":null,"onChange":{"type":"doNothing","argMap":{},"config":{},"disabledDuringExecution":false}},"readOnlyStyle":"text","attribute":{"$type":"ListAttributeProperty","path":"","entity":"System.TimeZone","attribute":"Description","attributeType":"String","sortable":true,"filterable":true,"dataSourceId":"2.4","formatting":{}},"id":{"$type":"DerivedUniqueIdProperty","widgetId":"2.Administration.Account_Edit.referenceSelector2"}}}],"caption":{"$type":"ExpressionProperty","expression":{"expr":{"type":"literal","value":"Time zone"},"args":{}}},"labelFor":{"$type":"DerivedUniqueIdProperty","widgetId":"2.Administration.Account_Edit.referenceSelector2"},"width":3,"orientation":"horizontal","hasError":{"$type":"ValidationProperty","inputWidgetId":"2.Administration.Account_Edit.referenceSelector2"}}},{"$widgetId":"2.Administration.Account_Edit.microflowTrigger1$visibility","widget":"ConditionalVisibilityWrapper","props":{"visible":{"$type":"ExpressionProperty","expression":{"expr":{"type":"conditional","condition":{"type":"variable","variable":"currentObject","path":"IsLocalUser"},"then":{"type":"function","name":"_hasSomeRole","parameters":[{"type":"literal","value":"Administrator"}]},"else":{"type":"literal","value":false}},"args":{"currentObject":"2.Administration.Account_Edit.dataView1"}}},"contents":[{"$widgetId":"2.Administration.Account_Edit.microflowTrigger1","widget":"ActionButton","props":{"buttonId":"2.Administration.Account_Edit.microflowTrigger1","class":"mx-name-microflowTrigger1","renderType":"button","buttonClass":"btn-default","caption":{"$type":"ExpressionProperty","expression":{"expr":{"type":"literal","value":"Change password"},"args":{}}},"tooltip":{"$type":"TextProperty","value":""},"action":{"$type":"ActionProperty","action":{"type":"callMicroflow","argMap":{"Account":{"widget":"$Account","source":"object"}},"config":{"operationId":"TizP3dyXlkiVdAV6n8VUgA","allowedRoles":["Administrator"]},"disabledDuringExecution":false},"abortOnServerValidation":true}}}]}}],"hideFooter":false,"footer":[{"$widgetId":"2.Administration.Account_Edit.saveButton1","widget":"ActionButton","props":{"buttonId":"2.Administration.Account_Edit.saveButton1","class":"mx-name-saveButton1","renderType":"button","buttonClass":"btn-success","caption":{"$type":"ExpressionProperty","expression":{"expr":{"type":"literal","value":"Save"},"args":{}}},"tooltip":{"$type":"TextProperty","value":""},"action":{"$type":"ActionProperty","action":{"type":"saveChanges","argMap":{"$object":{"widget":"2.Administration.Account_Edit.dataView1","source":"object"}},"config":{"operationId":"9NiypIoj2EivOJEh0R9skg","closePage":true},"disabledDuringExecution":true},"abortOnServerValidation":true}}},{"$widgetId":"2.Administration.Account_Edit.cancelButton1","widget":"ActionButton","props":{"buttonId":"2.Administration.Account_Edit.cancelButton1","class":"mx-name-cancelButton1","renderType":"button","buttonClass":"btn-default","caption":{"$type":"ExpressionProperty","expression":{"expr":{"type":"literal","value":"Cancel"},"args":{}}},"tooltip":{"$type":"TextProperty","value":""},"action":{"$type":"ActionProperty","action":{"type":"cancelChanges","argMap":{},"config":{"operationId":"PJF4ykluxU+jRDWqC04uHg","closePage":true},"disabledDuringExecution":true},"abortOnServerValidation":true}}}]}}]}}]}}]}}],"listenTargets":[]'></div></m:argument></m:arguments></m:page>