﻿<?xml version='1.0' encoding='utf-8'?><m:page id='e1c01c03-1099-4601-acc1-273fdbdbf881' xmlns='http://www.w3.org/1999/xhtml' title='Active Sessions' class='layout-atlas layout-atlas-responsive-default' cancelChangesOperationId='nx9ol19jCU+cPJGgI28W0A' xmlns:m='http://schemas.mendix.com/forms/1.0'><m:parameters>[]</m:parameters><m:layouts><m:layout path='Atlas_Core/Atlas_Default.layout.xml'></m:layout></m:layouts><m:arguments><m:argument parameterName='201c5205-50e7-4252-9551-e9ba7790af04'><div data-mendix-id='7.Administration.ActiveSessions.container1' data-mendix-type='mxui.widget.ReactWidgetWrapper' data-mendix-props='"widgetTree":[{"$widgetId":"7.Administration.ActiveSessions.container1","widget":"Container","props":{"class":"mx-name-container1 pageheader pageheader-fullwidth","renderMode":"div","onClick":null,"content":[{"$widgetId":"7.Administration.ActiveSessions.layoutGrid1","widget":"Div","props":{"class":"mx-name-layoutGrid1 mx-layoutgrid mx-layoutgrid-fluid container-fluid","content":[{"$widgetId":"7.Administration.ActiveSessions.layoutGrid1$row0","widget":"Div","props":{"class":"row","content":[{"$widgetId":"7.Administration.ActiveSessions.layoutGrid1$row0$column0","widget":"Div","props":{"class":"col-lg-12 col-md-12 col-12","content":[{"$widgetId":"7.Administration.ActiveSessions.label1","widget":"Text","props":{"class":"mx-name-label1 pageheader-title","caption":{"$type":"ExpressionProperty","expression":{"expr":{"type":"literal","value":"Active Sessions"},"args":{}}},"renderMode":"h2"}}]}}]}}]}}],"ariaHidden":false}}],"listenTargets":[]'></div><div class='mx-layoutgrid mx-layoutgrid-fluid container-fluid mx-name-layoutGrid2'><div class='row'><div class='col-lg-12 col-md-12 col-12'><div data-mendix-id='7.Administration.ActiveSessions.grid1' data-mendix-type='mxui.widget.DataGrid' data-mendix-props='"entity":"System.Session","schema":"6dc47660-750c-4132-b0b2-495d04c78111","config":{"locale":"en_US","gridType":"Standalone","gridpresentation":{"rows":20,"columns":1,"controlbar":true,"pagingbar":"YesWithTotalCount","sortparams":[["System.Session_User/System.User/Name","asc"]],"searchbar":true,"waitforsearch":false,"selectionmode":"simplemulti","editable":false,"sortable":true,"refresh":0,"selectfirst":false,"showemptyrows":false},"datasource":{"type":"database","path":"System.Session"},"searchOptions":{"searchBar":true,"toggleable":true,"toggledByDefault":true},"searchElements":[{"searchInputName":"searchField1","defaults":null,"defaultsParser":"Simple","caption":"User name","path":"System.Session_User/System.User/Name","operator":"contains"}],"controlBar":{"gridTools":[{"mxid":"7.Administration.ActiveSessions.searchButton1","name":"searchButton1","caption":{"expr":{"type":"literal","value":"Search"},"args":{}},"title":"","cssClass":"btn-default"},{"mxid":"7.Administration.ActiveSessions.deleteButton1","name":"deleteButton1","caption":{"expr":{"type":"literal","value":"Logout session"},"args":{}},"title":"","cssClass":"btn-default"}],"gridActions":[{"keyValue":"7.Administration.ActiveSessions.searchButton1","gridFunction":"ToggleSearch"},{"keyValue":"7.Administration.ActiveSessions.deleteButton1","gridFunction":"InvokeAction","params":{"action":{"type":"deleteObject","argMap":{"$object":{"widget":"7.Administration.ActiveSessions.grid1","source":"selection"}},"config":{"closePage":false,"operationId":"SCRVTDu55ES2NBip5HT07w"},"disabledDuringExecution":false},"maintainSelection":false}}]},"griddata":[{"tag":"System.Session_User/System.User/Name","name":"column1","dataMendixId":"7.Administration.ActiveSessions.column1","editable":false,"render":"String","display":{"width":"75%","string":"User name"}},{"tag":"LastActive","name":"column2","dataMendixId":"7.Administration.ActiveSessions.column2","editable":false,"render":"Date","display":{"width":"25%","string":"Last active","formatSettings":{"dateFormat":"Date"}}}],"plugins":{}},"caption":{"expr":{"type":"literal","value":""},"args":{}}' class='mx-datagrid mx-name-grid1' tabindex='0'></div></div></div></div></m:argument></m:arguments></m:page>