﻿<?xml version='1.0' encoding='utf-8'?><m:page id='24cac17b-7ce5-42bc-8097-b50bc8015684' xmlns='http://www.w3.org/1999/xhtml' title='Change Password' closeButton='3.Administration.ChangeMyPasswordForm.cancelButton1' xmlns:m='http://schemas.mendix.com/forms/1.0'><m:parameters>["AccountPasswordData"]</m:parameters><m:layouts><m:layout path='Atlas_Core/PopupLayout.layout.xml'></m:layout></m:layouts><m:arguments><m:argument parameterName='1f869e80-cebc-4255-93be-cb47447ba548'><div data-mendix-id='3.Administration.ChangeMyPasswordForm.dataView2' data-mendix-type='mxui.widget.ReactWidgetWrapper' data-mendix-props='"widgetTree":[{"$widgetId":"3.Administration.ChangeMyPasswordForm.dataView2","widget":"DataView","props":{"class":"mx-name-dataView2 form-horizontal","object":{"$type":"AssociationObjectProperty","dataSourceId":"3.6","scope":"$AccountPasswordData","editable":true},"emptyMessage":{"$type":"TextProperty","value":""},"body":[{"$widgetId":"3.Administration.ChangeMyPasswordForm.textBox2$formGroup","widget":"FormGroup","props":{"class":"mx-name-textBox2 mx-textbox","control":[{"$widgetId":"3.Administration.ChangeMyPasswordForm.textBox2","widget":"TextBox","props":{"inputValue":{"$type":"AttributeProperty","scope":"3.Administration.ChangeMyPasswordForm.dataView2","path":"","entity":"Administration.AccountPasswordData","attribute":"OldPassword","onChange":{"type":"doNothing","argMap":{},"config":{},"disabledDuringExecution":false},"validation":{"message":"The password cannot be empty.","expression":{"expr":{"type":"function","name":"!=","parameters":[{"type":"variable","variable":"value"},{"type":"literal","value":null}]},"args":{}}},"formatting":{}},"isPassword":true,"placeholder":{"$type":"TextProperty","value":""},"mask":"","readOnlyStyle":"text","maxLength":200,"onEnter":null,"onLeave":null,"onEnterKeyPress":null,"autocomplete":"on","submitWhileEditing":false,"submitDelay":300,"ariaRequired":true,"id":{"$type":"DerivedUniqueIdProperty","widgetId":"3.Administration.ChangeMyPasswordForm.textBox2"}}}],"caption":{"$type":"ExpressionProperty","expression":{"expr":{"type":"literal","value":"Old password"},"args":{}}},"labelFor":{"$type":"DerivedUniqueIdProperty","widgetId":"3.Administration.ChangeMyPasswordForm.textBox2"},"width":3,"orientation":"horizontal","hasError":{"$type":"ValidationProperty","inputWidgetId":"3.Administration.ChangeMyPasswordForm.textBox2"}}},{"$widgetId":"3.Administration.ChangeMyPasswordForm.textBox3$formGroup","widget":"FormGroup","props":{"class":"mx-name-textBox3 mx-textbox","control":[{"$widgetId":"3.Administration.ChangeMyPasswordForm.textBox3","widget":"TextBox","props":{"inputValue":{"$type":"AttributeProperty","scope":"3.Administration.ChangeMyPasswordForm.dataView2","path":"","entity":"Administration.AccountPasswordData","attribute":"NewPassword","onChange":{"type":"doNothing","argMap":{},"config":{},"disabledDuringExecution":false},"validation":{"message":"The password cannot be empty.","expression":{"expr":{"type":"function","name":"!=","parameters":[{"type":"variable","variable":"value"},{"type":"literal","value":null}]},"args":{}}},"formatting":{}},"isPassword":true,"placeholder":{"$type":"TextProperty","value":""},"mask":"","readOnlyStyle":"text","maxLength":200,"onEnter":null,"onLeave":null,"onEnterKeyPress":null,"autocomplete":"on","submitWhileEditing":false,"submitDelay":300,"ariaRequired":true,"id":{"$type":"DerivedUniqueIdProperty","widgetId":"3.Administration.ChangeMyPasswordForm.textBox3"}}}],"caption":{"$type":"ExpressionProperty","expression":{"expr":{"type":"literal","value":"New password"},"args":{}}},"labelFor":{"$type":"DerivedUniqueIdProperty","widgetId":"3.Administration.ChangeMyPasswordForm.textBox3"},"width":3,"orientation":"horizontal","hasError":{"$type":"ValidationProperty","inputWidgetId":"3.Administration.ChangeMyPasswordForm.textBox3"}}},{"$widgetId":"3.Administration.ChangeMyPasswordForm.textBox1$formGroup","widget":"FormGroup","props":{"class":"mx-name-textBox1 mx-textbox","control":[{"$widgetId":"3.Administration.ChangeMyPasswordForm.textBox1","widget":"TextBox","props":{"inputValue":{"$type":"AttributeProperty","scope":"3.Administration.ChangeMyPasswordForm.dataView2","path":"","entity":"Administration.AccountPasswordData","attribute":"ConfirmPassword","onChange":{"type":"doNothing","argMap":{},"config":{},"disabledDuringExecution":false},"validation":{"message":"The password cannot be empty.","expression":{"expr":{"type":"function","name":"!=","parameters":[{"type":"variable","variable":"value"},{"type":"literal","value":null}]},"args":{}}},"formatting":{}},"isPassword":true,"placeholder":{"$type":"TextProperty","value":""},"mask":"","readOnlyStyle":"text","maxLength":200,"onEnter":null,"onLeave":null,"onEnterKeyPress":null,"autocomplete":"on","submitWhileEditing":false,"submitDelay":300,"ariaRequired":true,"id":{"$type":"DerivedUniqueIdProperty","widgetId":"3.Administration.ChangeMyPasswordForm.textBox1"}}}],"caption":{"$type":"ExpressionProperty","expression":{"expr":{"type":"literal","value":"Confirm password"},"args":{}}},"labelFor":{"$type":"DerivedUniqueIdProperty","widgetId":"3.Administration.ChangeMyPasswordForm.textBox1"},"width":3,"orientation":"horizontal","hasError":{"$type":"ValidationProperty","inputWidgetId":"3.Administration.ChangeMyPasswordForm.textBox1"}}}],"hideFooter":false,"footer":[{"$widgetId":"3.Administration.ChangeMyPasswordForm.microflowButton1$visibility","widget":"ConditionalVisibilityWrapper","props":{"visible":{"$type":"ExpressionProperty","expression":{"expr":{"type":"function","name":"_hasSomeRole","parameters":[{"type":"literal","value":"Administrator"},{"type":"literal","value":"Teacher"},{"type":"literal","value":"Trainee"}]},"args":{}}},"contents":[{"$widgetId":"3.Administration.ChangeMyPasswordForm.microflowButton1","widget":"ActionButton","props":{"buttonId":"3.Administration.ChangeMyPasswordForm.microflowButton1","class":"mx-name-microflowButton1","renderType":"button","buttonClass":"btn-success","caption":{"$type":"ExpressionProperty","expression":{"expr":{"type":"literal","value":"Change"},"args":{}}},"tooltip":{"$type":"TextProperty","value":""},"action":{"$type":"ActionProperty","action":{"type":"callMicroflow","argMap":{"AccountPasswordData":{"widget":"$AccountPasswordData","source":"object"}},"config":{"operationId":"PeoSg6ws6ES3EJWcizW03w","validate":"view","allowedRoles":["Administrator","Teacher","Trainee"]},"disabledDuringExecution":false},"abortOnServerValidation":true}}}]}},{"$widgetId":"3.Administration.ChangeMyPasswordForm.cancelButton1","widget":"ActionButton","props":{"buttonId":"3.Administration.ChangeMyPasswordForm.cancelButton1","class":"mx-name-cancelButton1","renderType":"button","buttonClass":"btn-default","caption":{"$type":"ExpressionProperty","expression":{"expr":{"type":"literal","value":"Cancel"},"args":{}}},"tooltip":{"$type":"TextProperty","value":""},"action":{"$type":"ActionProperty","action":{"type":"cancelChanges","argMap":{},"config":{"operationId":"gJn7uj0fbkKuJALO6IaGuA","closePage":true},"disabledDuringExecution":true},"abortOnServerValidation":true}}}]}}],"listenTargets":[]'></div></m:argument></m:arguments></m:page>