﻿<?xml version='1.0' encoding='utf-8'?><m:page id='be8cfd8f-0b32-4d09-af61-3ca637930f71' xmlns='http://www.w3.org/1999/xhtml' title='My Account' closeButton='4.Administration.MyAccount.cancelButton1' xmlns:m='http://schemas.mendix.com/forms/1.0'><m:parameters>["Account"]</m:parameters><m:layouts><m:layout path='Atlas_Core/PopupLayout.layout.xml'></m:layout></m:layouts><m:arguments><m:argument parameterName='1f869e80-cebc-4255-93be-cb47447ba548'><div data-mendix-id='4.Administration.MyAccount.dataView1' data-mendix-type='mxui.widget.ReactWidgetWrapper' data-mendix-props='"widgetTree":[{"$widgetId":"4.Administration.MyAccount.dataView1","widget":"DataView","props":{"class":"mx-name-dataView1 form-horizontal","object":{"$type":"AssociationObjectProperty","dataSourceId":"4.9","scope":"$Account","editable":true},"emptyMessage":{"$type":"TextProperty","value":""},"body":[{"$widgetId":"4.Administration.MyAccount.textBox2$formGroup","widget":"FormGroup","props":{"class":"mx-name-textBox2 mx-textbox","control":[{"$widgetId":"4.Administration.MyAccount.textBox2","widget":"TextBox","props":{"inputValue":{"$type":"AttributeProperty","scope":"4.Administration.MyAccount.dataView1","path":"","entity":"Administration.Account","attribute":"FullName","onChange":{"type":"doNothing","argMap":{},"config":{},"disabledDuringExecution":false},"validation":null,"formatting":{}},"isPassword":false,"placeholder":{"$type":"TextProperty","value":""},"mask":"","readOnlyStyle":"text","maxLength":200,"onEnter":null,"onLeave":null,"onEnterKeyPress":null,"autocomplete":"on","submitWhileEditing":false,"submitDelay":300,"id":{"$type":"DerivedUniqueIdProperty","widgetId":"4.Administration.MyAccount.textBox2"}}}],"caption":{"$type":"ExpressionProperty","expression":{"expr":{"type":"literal","value":"Full name"},"args":{}}},"labelFor":{"$type":"DerivedUniqueIdProperty","widgetId":"4.Administration.MyAccount.textBox2"},"width":3,"orientation":"horizontal","hasError":{"$type":"ValidationProperty","inputWidgetId":"4.Administration.MyAccount.textBox2"}}},{"$widgetId":"4.Administration.MyAccount.textBox5$formGroup","widget":"FormGroup","props":{"class":"mx-name-textBox5 mx-textbox","control":[{"$widgetId":"4.Administration.MyAccount.textBox5","widget":"TextBox","props":{"inputValue":{"$type":"AttributeProperty","scope":"4.Administration.MyAccount.dataView1","path":"","entity":"Administration.Account","attribute":"Name","onChange":{"type":"doNothing","argMap":{},"config":{},"disabledDuringExecution":false},"validation":null,"formatting":{}},"isPassword":false,"placeholder":{"$type":"TextProperty","value":""},"mask":"","readOnlyStyle":"text","maxLength":100,"onEnter":null,"onLeave":null,"onEnterKeyPress":null,"autocomplete":"on","submitWhileEditing":false,"submitDelay":300,"id":{"$type":"DerivedUniqueIdProperty","widgetId":"4.Administration.MyAccount.textBox5"}}}],"caption":{"$type":"ExpressionProperty","expression":{"expr":{"type":"literal","value":"User name"},"args":{}}},"labelFor":{"$type":"DerivedUniqueIdProperty","widgetId":"4.Administration.MyAccount.textBox5"},"width":3,"orientation":"horizontal","hasError":{"$type":"ValidationProperty","inputWidgetId":"4.Administration.MyAccount.textBox5"}}},{"$widgetId":"4.Administration.MyAccount.referenceSelector1$formGroup","widget":"FormGroup","props":{"class":"mx-name-referenceSelector1 mx-referenceselector","control":[{"$widgetId":"4.Administration.MyAccount.referenceSelector1","widget":"ReferenceSelector","props":{"valueOptions":{"$type":"DatabaseObjectListProperty","dataSourceId":"4.2","entity":"System.Language","scope":"4.Administration.MyAccount.dataView1","fetchOnlyWithAllParams":true,"queryId":"U69XCgY7Ek+SeBoenaVvzw","sort":[["Description","asc"]]},"value":{"$type":"AssociationProperty","type":"Reference","entity":"Administration.Account","path":"","attribute":"System.User_Language","endpointEntity":"System.Language","selectableObjectsId":"4.2","scope":"4.Administration.MyAccount.dataView1","validation":null,"onChange":{"type":"doNothing","argMap":{},"config":{},"disabledDuringExecution":false}},"readOnlyStyle":"text","attribute":{"$type":"ListAttributeProperty","path":"","entity":"System.Language","attribute":"Description","attributeType":"String","sortable":true,"filterable":true,"dataSourceId":"4.2","formatting":{}},"id":{"$type":"DerivedUniqueIdProperty","widgetId":"4.Administration.MyAccount.referenceSelector1"}}}],"caption":{"$type":"ExpressionProperty","expression":{"expr":{"type":"literal","value":"Language"},"args":{}}},"labelFor":{"$type":"DerivedUniqueIdProperty","widgetId":"4.Administration.MyAccount.referenceSelector1"},"width":3,"orientation":"horizontal","hasError":{"$type":"ValidationProperty","inputWidgetId":"4.Administration.MyAccount.referenceSelector1"}}},{"$widgetId":"4.Administration.MyAccount.microflowTrigger1$visibility","widget":"ConditionalVisibilityWrapper","props":{"visible":{"$type":"ExpressionProperty","expression":{"expr":{"type":"function","name":"_hasSomeRole","parameters":[{"type":"literal","value":"Administrator"},{"type":"literal","value":"Teacher"},{"type":"literal","value":"Trainee"}]},"args":{}}},"contents":[{"$widgetId":"4.Administration.MyAccount.microflowTrigger1","widget":"ActionButton","props":{"buttonId":"4.Administration.MyAccount.microflowTrigger1","class":"mx-name-microflowTrigger1","renderType":"button","buttonClass":"btn-default","caption":{"$type":"ExpressionProperty","expression":{"expr":{"type":"literal","value":"Change password"},"args":{}}},"tooltip":{"$type":"TextProperty","value":""},"action":{"$type":"ActionProperty","action":{"type":"callMicroflow","argMap":{"Account":{"widget":"$Account","source":"object"}},"config":{"operationId":"6cj+JPoi10ONfTP24baKxw","allowedRoles":["Administrator","Teacher","Trainee"]},"disabledDuringExecution":false},"abortOnServerValidation":true}}}]}}],"hideFooter":false,"footer":[{"$widgetId":"4.Administration.MyAccount.saveButton1","widget":"ActionButton","props":{"buttonId":"4.Administration.MyAccount.saveButton1","class":"mx-name-saveButton1","renderType":"button","buttonClass":"btn-success","caption":{"$type":"ExpressionProperty","expression":{"expr":{"type":"literal","value":"Save"},"args":{}}},"tooltip":{"$type":"TextProperty","value":""},"action":{"$type":"ActionProperty","action":{"type":"saveChanges","argMap":{"$object":{"widget":"4.Administration.MyAccount.dataView1","source":"object"}},"config":{"operationId":"a/z+gMHaMk6NgmZP7EipVA","closePage":true},"disabledDuringExecution":true},"abortOnServerValidation":true}}},{"$widgetId":"4.Administration.MyAccount.cancelButton1","widget":"ActionButton","props":{"buttonId":"4.Administration.MyAccount.cancelButton1","class":"mx-name-cancelButton1","renderType":"button","buttonClass":"btn-default","caption":{"$type":"ExpressionProperty","expression":{"expr":{"type":"literal","value":"Cancel"},"args":{}}},"tooltip":{"$type":"TextProperty","value":""},"action":{"$type":"ActionProperty","action":{"type":"cancelChanges","argMap":{},"config":{"operationId":"7q106R7oGkeJTnXw1l0v5Q","closePage":true},"disabledDuringExecution":true},"abortOnServerValidation":true}}}]}}],"listenTargets":[]'></div></m:argument></m:arguments></m:page>