﻿<?xml version='1.0' encoding='utf-8'?><m:page id='cf339661-ea2b-482b-af50-70bf0880ba6a' xmlns='http://www.w3.org/1999/xhtml' title='Scheduled Events' class='layout-atlas layout-atlas-responsive-default' cancelChangesOperationId='6HC8BWqnb0W1hlOR1szmng' xmlns:m='http://schemas.mendix.com/forms/1.0'><m:parameters>[]</m:parameters><m:layouts><m:layout path='Atlas_Core/Atlas_Default.layout.xml'></m:layout></m:layouts><m:arguments><m:argument parameterName='201c5205-50e7-4252-9551-e9ba7790af04'><div data-mendix-id='9.Administration.ScheduledEvents.container1' data-mendix-type='mxui.widget.ReactWidgetWrapper' data-mendix-props='"widgetTree":[{"$widgetId":"9.Administration.ScheduledEvents.container1","widget":"Container","props":{"class":"mx-name-container1 pageheader pageheader-fullwidth","renderMode":"div","onClick":null,"content":[{"$widgetId":"9.Administration.ScheduledEvents.layoutGrid1","widget":"Div","props":{"class":"mx-name-layoutGrid1 mx-layoutgrid mx-layoutgrid-fluid container-fluid","content":[{"$widgetId":"9.Administration.ScheduledEvents.layoutGrid1$row0","widget":"Div","props":{"class":"row","content":[{"$widgetId":"9.Administration.ScheduledEvents.layoutGrid1$row0$column0","widget":"Div","props":{"class":"col-lg-12 col-md-12 col-12","content":[{"$widgetId":"9.Administration.ScheduledEvents.label1","widget":"Text","props":{"class":"mx-name-label1 pageheader-title","caption":{"$type":"ExpressionProperty","expression":{"expr":{"type":"literal","value":"Scheduled Events"},"args":{}}},"renderMode":"h2"}}]}}]}}]}}],"ariaHidden":false}}],"listenTargets":[]'></div><div class='mx-layoutgrid mx-layoutgrid-fluid container-fluid mx-name-layoutGrid2'><div class='row'><div class='col-lg-12 col-md-12 col-12'><div data-mendix-id='9.Administration.ScheduledEvents.grid1' data-mendix-type='mxui.widget.DataGrid' data-mendix-props='"entity":"System.ScheduledEventInformation","schema":"0d27ce3f-7ad9-42f2-9700-fe1ce97b4ab1","config":{"locale":"en_US","gridType":"Standalone","gridpresentation":{"rows":20,"columns":1,"controlbar":true,"pagingbar":"YesWithTotalCount","sortparams":[["StartTime","desc"]],"searchbar":true,"waitforsearch":false,"selectionmode":"single","editable":false,"sortable":true,"refresh":0,"selectfirst":false,"showemptyrows":false},"datasource":{"type":"database","path":"System.ScheduledEventInformation"},"searchOptions":{"searchBar":true,"toggleable":true,"toggledByDefault":true},"searchElements":[{"searchInputName":"searchField1","defaults":null,"defaultsParser":"Simple","caption":"Name","path":"Name","operator":"contains"},{"searchInputName":"searchField2","defaults":null,"defaultsParser":"Date","caption":"Start time","queryBuilder":{"name":"Date"},"widget":{"type":"mxui.widget.DatePicker","params":{"placeholder":"","formatSettings":{"mode":"date"}}},"path":"StartTime","operator":"="},{"searchInputName":"searchField3","defaults":null,"defaultsParser":"Simple","caption":"Status","path":"Status","operator":"=","retriever":"Enum"}],"controlBar":{"gridTools":[{"mxid":"9.Administration.ScheduledEvents.searchButton1","name":"searchButton1","caption":{"expr":{"type":"literal","value":"Search"},"args":{}},"title":"","cssClass":"btn-default"}],"gridActions":[{"keyValue":"9.Administration.ScheduledEvents.searchButton1","gridFunction":"ToggleSearch"}]},"griddata":[{"tag":"Name","name":"column1","dataMendixId":"9.Administration.ScheduledEvents.column1","editable":false,"render":"String","display":{"width":"20%","string":"Name"}},{"tag":"Description","name":"column2","dataMendixId":"9.Administration.ScheduledEvents.column2","editable":false,"render":"String","display":{"width":"35%","string":"Description"}},{"tag":"StartTime","name":"column3","dataMendixId":"9.Administration.ScheduledEvents.column3","editable":false,"render":"Date","display":{"width":"20%","string":"Start time","formatSettings":{"dateFormat":"DateTime"}}},{"tag":"Status","name":"column4","dataMendixId":"9.Administration.ScheduledEvents.column4","editable":false,"render":"EnumIcon","display":{"width":"5%","string":" ","mapping":{"Running":"img/System$Images$Running.gif?638250506999232492","Completed":"img/System$Images$Completed.gif?638250506999232492","Error":"img/System$Images$Error.gif?638250506999232492","Stopped":"img/System$Images$Close.png?638250506999232492"}}},{"tag":"EndTime","name":"column5","dataMendixId":"9.Administration.ScheduledEvents.column5","editable":false,"render":"Date","display":{"width":"20%","string":"End time","formatSettings":{"dateFormat":"DateTime"}}}],"plugins":{}},"caption":{"expr":{"type":"literal","value":""},"args":{}}' class='mx-datagrid mx-name-grid1' tabindex='0'></div></div></div></div></m:argument></m:arguments><m:enums>{"System.EventStatus":[["Running","Running"],["Completed","Completed"],["Error","Error"],["Stopped","Stopped"]]}</m:enums></m:page>