﻿<?xml version='1.0' encoding='utf-8'?><m:page id='0813e302-e3eb-4ba5-8d4d-5c18084888b7' xmlns='http://www.w3.org/1999/xhtml' title='Select user roles' cancelChangesOperationId='YaLJZloxk06C3QZcnjqoow' xmlns:m='http://schemas.mendix.com/forms/1.0'><m:parameters>[]</m:parameters><m:layouts><m:layout path='Atlas_Core/PopupLayout.layout.xml'></m:layout></m:layouts><m:arguments><m:argument parameterName='1f869e80-cebc-4255-93be-cb47447ba548'><div data-mendix-id='6.Administration.UserRole_Select.grid1' data-mendix-type='mxui.widget.DataGrid' data-mendix-props='"entity":"System.UserRole","schema":"ea14ae0a-c331-4b99-9347-898be0b8d7e4","config":{"locale":"en_US","gridType":"Standalone","gridpresentation":{"rows":20,"columns":1,"controlbar":true,"pagingbar":"YesWithTotalCount","sortparams":[["Name","asc"]],"searchbar":true,"waitforsearch":false,"selectionmode":"simplemulti","editable":false,"sortable":true,"refresh":0,"selectfirst":false,"showemptyrows":false},"datasource":{"type":"database","path":"System.UserRole","constraint":"[System.grantableRoles[reversed()]/System.UserRole/System.UserRoles = &apos;[%CurrentUser%]&apos;]","offlineConstraints":{"type":"function","name":"=","parameters":[{"type":"attribute","attribute":"System.grantableRoles","attributeType":"ObjectReferenceSet"},{"type":"token","name":"currentUser"}]}},"searchOptions":{"searchBar":true,"toggleable":true,"toggledByDefault":true},"searchElements":[{"searchInputName":"searchField1","defaults":null,"defaultsParser":"Simple","caption":"Name","path":"Name","operator":"contains"},{"searchInputName":"searchField2","defaults":null,"defaultsParser":"Simple","caption":"Description","path":"Description","operator":"contains"}],"controlBar":{"gridTools":[{"mxid":"6.Administration.UserRole_Select.searchButton1","name":"searchButton1","caption":{"expr":{"type":"literal","value":"Search"},"args":{}},"title":"","cssClass":"btn-default"},{"mxid":"6.Administration.UserRole_Select.selectButton1","name":"selectButton1","caption":{"expr":{"type":"literal","value":"Select"},"args":{}},"title":"","cssClass":"btn-default"}],"gridActions":[{"keyValue":"6.Administration.UserRole_Select.searchButton1","gridFunction":"ToggleSearch"},{"keyValue":"6.Administration.UserRole_Select.selectButton1","gridFunction":"ReturnSelection"}]},"defaultButton":{"clickType":"double","mxid":"6.Administration.UserRole_Select.selectButton1"},"griddata":[{"tag":"Name","name":"column1","dataMendixId":"6.Administration.UserRole_Select.column1","editable":false,"render":"String","display":{"width":"50%","string":"Name"}},{"tag":"Description","name":"column2","dataMendixId":"6.Administration.UserRole_Select.column2","editable":false,"render":"String","display":{"width":"50%","string":"Description"}}],"plugins":{}},"caption":{"expr":{"type":"literal","value":""},"args":{}}' class='mx-datagrid mx-name-grid1' tabindex='0'></div></m:argument></m:arguments></m:page>